[
    {"group patrol 1" :  [
        { "lat": 9.95694, "lng": 76.25354, "name": "Booth 1" },
        { "lat": 9.94901, "lng": 76.2678, "name": "Booth 2" },
        { "lat": 9.95354, "lng": 76.26901, "name": "Booth 3" },
        { "lat": 9.9607, "lng" : 76.26682, "name": "Booth 4" },
        { "lat": 9.95828,"lng": 76.26564, "name": "Booth 5"}
      ]
    },
    {"group patrol 2" :  [
        { "lat": 9.95694, "lng": 76.25354, "name": "Booth 1" },
        { "lat": 9.94901, "lng": 76.2678, "name": "Booth 2" },
        { "lat": 9.95354, "lng": 76.26901, "name": "Booth 3" }
      ]
    },
    {"group patrol 3" :  [
        { "lat": 9.95694, "lng": 76.25354, "name": "Booth 1" },
        { "lat": 9.94901, "lng": 76.2678, "name": "Booth 2" },
        { "lat": 9.95354, "lng": 76.26901, "name": "Booth 3" }
      ]
    },
    {"group patrol 4" :  [
        { "lat": 9.95694, "lng": 76.25354, "name": "Booth 1" },
        { "lat": 9.94901, "lng": 76.2678, "name": "Booth 2" }
      ]
    }
]