[
    {"coords": [{ "lat": 9.88160398988491, "lng": 76.3027464598417, "name": "Kalappurackal Auditorium" , "serialid":1},
{ "lat": 9.87672836401187, "lng": 76.3150909915566, "name": "Govt. Fisheries L.P.School, Aroor" , "serialid":2},
{ "lat": 9.8679605, "lng": 76.307365, "name": "Government High School ,Aroor" , "serialid":3},
{ "lat": 9.8688958, "lng": 76.3049552, "name": "Nair Service Society Br.No.2136, Aroor." , "serialid":4},
{ "lat": 9.86836058978873, "lng": 76.3062997162342, "name": "Vijayambika Grandha Sala, Aroor" , "serialid":5},
{ "lat": 9.87620053296243, "lng": 76.3042069226503, "name": "St.Augustine, L.P.School, Aroor" , "serialid":6},
{ "lat": 9.87631429320876, "lng": 76.3041767125154, "name": "Central Service Co.Op. Bank.Ltd. No.617, Aroor" , "serialid":7},

{ "lat": 9.8693174, "lng": 76.3049048, "name": "St.Augustines High School, Aroor" , "serialid":8}]},

{"coords": [{ "lat": 9.8710524, "lng": 76.321251, "name": "Hidayathul Islam arabic School, Vaduthala." , "serialid":1},
{ "lat": 9.86752687261199, "lng": 76.3230819627643, "name": "Govt.Upper Primary School, Arookutty" , "serialid":2},
{ "lat": 9.84271059951076, "lng": 76.3246993348002, "name": "Naduvathul Islam Upper Primary school" , "serialid":3},
{ "lat": 9.85381813154016, "lng": 76.3379299189636, "name": "Govt.U.P.S MATTATHIL BHAGOM" , "serialid":4},
{ "lat": 9.84617718093897, "lng": 76.328086964786, "name": "Jama-ath Higher Secondery School, Vaduthala" , "serialid":5}]},
{"coords": [{ "lat": 9.29652613, "lng": 76.43516091, "name": "Zeon LPS, Thamallackal North" , "serialid":1},
{ "lat": 9.2943277, "lng": 76.42051141, "name": "S.N.V LPS. Thamallackal North" , "serialid":2},
{ "lat": 9.28334396, "lng": 76.42183797, "name": "Coir Society No. 316, Koottamkaitha" , "serialid":3},
{ "lat": 9.2838599, "lng": 76.4327087, "name": "LPS Pothappally" , "serialid":4},
{ "lat": 9.283744, "lng": 76.431962, "name": "Govt. T H S S Haripad" , "serialid":5},
{ "lat": 9.26448271, "lng": 76.45351703, "name": "Co-operative Society No. 2301, Karthikappally" , "serialid":6},
{ "lat": 9.28860335, "lng": 76.40832862, "name": "Coir Society No. 460, Thamallackal" , "serialid":7},
{ "lat": 9.30019, "lng": 76.433096, "name": "N.S.S.Girls H.S, Karuvatta" , "serialid":8},
{ "lat": 9.288736, "lng": 76.42786, "name": "Madhavan Vakkeel Memorial UPS, Thamallackal South" , "serialid":9},
{ "lat": 9.27668712, "lng": 76.44369821, "name": "K.K.K.V.M HS Pothappally" , "serialid":10}]},
{"coords": [{ "lat": 9.288909, "lng": 76.443841, "name": "Block Office, Haripad" , "serialid":1},
{ "lat": 9.288458, "lng": 76.4461311, "name": "U.P.S, Mannarassala" , "serialid":2},
{ "lat": 9.283732, "lng": 76.452864, "name": "Govt. G.H.S, Haripad" , "serialid":3},
{ "lat": 9.28306, "lng": 76.455746, "name": "GBHSS , Harippad" , "serialid":4},
{ "lat": 9.2858646, "lng": 76.4433535, "name": "UPS, Mannarassala" , "serialid":5},
{ "lat": 9.289266, "lng": 76.459002, "name": "Aroor LPS, Haripad" , "serialid":6},
{ "lat": 9.283732, "lng": 76.452864, "name": "Govt.Girls H S , Haripad" , "serialid":7},
{ "lat": 9.283497, "lng": 76.460905, "name": "Govt. UPS Haripad" , "serialid":8}]},
{"coords": [{ "lat": 9.28156097, "lng": 76.49058781, "name": "MSC LPS , Anjilimood" , "serialid":1},
{ "lat": 9.279648, "lng": 76.47813, "name": "UPS Vazhuthanam " , "serialid":2},
{ "lat": 9.28736552, "lng": 76.47941094, "name": "Govt. UPS , Vazhuthanam," , "serialid":3},
{ "lat": 9.28154715, "lng": 76.49055333, "name": "M S C LPS Anjalimoodu" , "serialid":4},
{ "lat": 9.284237, "lng": 76.482762, "name": "Madhava Education Centre" , "serialid":5},
{ "lat": 9.2738074, "lng": 76.4824205, "name": "Govt. LPS Naduvattom" , "serialid":6},
{ "lat": 9.272853, "lng": 76.479312, "name": "NSS. HS Naduvattom" , "serialid":7}]},
{"coords": [{ "lat": 9.276511, "lng": 76.468456, "name": "Govt ITI Pallippad " , "serialid":1},
{ "lat": 9.26496927209946, "lng": 76.4797668904066, "name": "NYS Vayanasala, Kottakkakam, Pallippad" , "serialid":2},
{ "lat": 9.262092, "lng": 76.479743, "name": "Krishi Bhavan, Pallippad" , "serialid":3},
{ "lat": 9.26266111, "lng": 76.43653, "name": "GHW LPS Thekkekkara" , "serialid":4},
{ "lat": 9.27271334, "lng": 76.47358267, "name": "Marthoma LP School,Pallippad" , "serialid":5},
{ "lat": 9.27038261, "lng": 76.46744641, "name": "T.K.M.M. College , Nangiarkulangara" , "serialid":6},
{ "lat": 9.2594648, "lng": 76.47461156, "name": "LPS Mullakkara" , "serialid":7},
{ "lat": 9.261804, "lng": 76.462835, "name": "Govt. UPS, Nangiarkulangara" , "serialid":8},
{ "lat": 9.25937532, "lng": 76.44081076, "name": "D.K.N.M. LPS , Vettuveni" , "serialid":9}]},
{"coords": [{ "lat": 9.191105, "lng": 76.461674, "name": "Anganwadi No 84 Kandalloor" , "serialid":1},
{ "lat": 9.179543, "lng": 76.4799345, "name": "Vimuktha Bhadan Bhavan Pullukulangara" , "serialid":2},
{ "lat": 9.1842211, "lng": 76.4579332, "name": "Kopparethu HS, Puthiyavila" , "serialid":3},
{ "lat": 9.1919942, "lng": 76.4728758, "name": "LPS, Puthiavila" , "serialid":4},
{ "lat": 9.1919942, "lng": 76.4632084, "name": "Puthiyavila UPS" , "serialid":5},
{ "lat": 9.1892116, "lng": 76.4632084, "name": "Mukunda Vilasam LPS" , "serialid":6},
{ "lat": 9.179543, "lng": 76.4799345, "name": "Pullukulangara LPS" , "serialid":7},
{ "lat": 9.1592143, "lng": 76.4691878, "name": "Madambil UPS" , "serialid":8}]},
{"coords": [{ "lat": 9.231437, "lng": 76.442414, "name": "Coir Society No. 164, Muthukulam North" , "serialid":1},
{ "lat": 9.21320428, "lng": 76.44348953, "name": "Coir Society No. 72, Vettathukadavu" , "serialid":2},
{ "lat": 9.20276139, "lng": 76.44348017, "name": "Muthukulam South Coir Society No. 210, Kanakakunnu" , "serialid":3},
{ "lat": 9.1894792, "lng": 76.4493286, "name": "Coir Society No. 325, Puthiyavila" , "serialid":4},
{ "lat": 9.16773071, "lng": 76.4622325, "name": "Coir Society No. 322, Kandalloor South" , "serialid":5},
{ "lat": 9.234168, "lng": 76.456366, "name": "NSS. Karayogam No. 1047, Cheppad Kannimel" , "serialid":6},
{ "lat": 9.2184834, "lng": 76.4620472, "name": "Budha education centre" , "serialid":7},
{ "lat": 9.217374, "lng": 76.460996, "name": "KVSHSS Notrh east new bulding south portion" , "serialid":8},
{ "lat": 9.20151737, "lng": 76.44998004, "name": "K.A.M.UPS, Muthukulam South" , "serialid":9},
{ "lat": 9.21348279, "lng": 76.46281985, "name": "Sree Narayana UPS, Muthukulam South" , "serialid":10},
{ "lat": 9.2270983, "lng": 76.44910222, "name": "Kurumbukara UPS, Muthukulam North" , "serialid":11},
{ "lat": 9.21641679, "lng": 76.45727581, "name": "Govt. LPS, Muthukulam South" , "serialid":12},
{ "lat": 9.2135826, "lng": 76.4615647, "name": "Muthukulam HS" , "serialid":13},
{ "lat": 9.22762657, "lng": 76.445776, "name": "K.S.N.V.U.P.S.Muthukulam" , "serialid":14},
{ "lat": 9.2095037, "lng": 76.470384, "name": "Govt. LPS, Varanappallil" , "serialid":15}]},
{"coords": [{ "lat": 9.24891653, "lng": 76.45163715, "name": "Ganapathy Vilasam LPS, Chingoli" , "serialid":1},
{ "lat": 9.24860273, "lng": 76.45176259, "name": "Panchayath Office, Chingoli" , "serialid":2},
{ "lat": 9.24125182, "lng": 76.44617082, "name": "UPS, Chooravila" , "serialid":3},
{ "lat": 9.241343, "lng": 76.446036, "name": "Govt. LPS, Chooravila" , "serialid":4},
{ "lat": 9.239024, "lng": 76.454665, "name": "LPS Chinganalloor" , "serialid":5},
{ "lat": 9.24683993, "lng": 76.4521819, "name": "NSS Karayogam No.1032, Chingoli South" , "serialid":6},
{ "lat": 9.24064056, "lng": 76.47020465, "name": "Govt. LP School, Kanjoor Kottakkakam" , "serialid":7},
{ "lat": 9.23214, "lng": 76.473555, "name": "Govt. LPBS, Cheppad" , "serialid":8},
{ "lat": 9.25970231, "lng": 76.44999604, "name": "Govt.UPS Karthikappally" , "serialid":9},
{ "lat": 9.23713547, "lng": 76.47134579, "name": "Christhu Raja HS, Cheppad" , "serialid":10},
{ "lat": 9.23808904, "lng": 76.47112074, "name": "PMD UPS, Cheppad" , "serialid":11}]},
{"coords": [{ "lat": 9.19377472, "lng": 76.49495126, "name": "LP Boys School, Eruva" , "serialid":1},
{ "lat": 9.19695486, "lng": 76.50705974, "name": "Sree Krishna Vilasam High School" , "serialid":2},
{ "lat": 9.2046771, "lng": 76.4826942, "name": "M G M L P S Karuvattamkuzhi" , "serialid":3},
{ "lat": 9.21964783, "lng": 76.47807297, "name": "Govt.H S Ramapuram" , "serialid":4},
{ "lat": 9.22159478, "lng": 76.47756493, "name": "Govt. LPS, Keerikkad" , "serialid":5},
{ "lat": 9.20525762, "lng": 76.49092949, "name": "S.K.V. LPS, Pathiyoor West" , "serialid":6},
{ "lat": 9.19377472, "lng": 76.49495126, "name": "LPB School, Eruva" , "serialid":7},
{ "lat": 9.1969873, "lng": 76.5069747, "name": "Sree Krishna Vilasam High School South Building" , "serialid":8}]},
{"coords": [{ "lat": 9.24848183, "lng": 76.47329752, "name": "LPS, Muriyammoodu" , "serialid":1},
{ "lat": 9.2228925, "lng": 76.4859444, "name": "Sree Ramakrishna Vilasam LPS" , "serialid":2},
{ "lat": 9.21454695, "lng": 76.48970577, "name": "Mattathu Madhavakurup Memorial LPS" , "serialid":3},
{ "lat": 9.2101703, "lng": 76.495982, "name": "Panchayath HS" , "serialid":4},
{ "lat": 9.20982004, "lng": 76.49509561, "name": "Panchayath Office, Pathiyoor" , "serialid":5},
{ "lat": 9.20944019, "lng": 76.49495126, "name": "Krishi Bhavan, Pathiyoor" , "serialid":6},
{ "lat": 9.2550811, "lng": 76.4785608, "name": "LPS Muttom" , "serialid":7},
{ "lat": 9.2503781, "lng": 76.4954036, "name": "Govt.LPS , Kanichanalloor" , "serialid":8},
{ "lat": 9.2377294, "lng": 76.4857728, "name": "Sreekrishna Vilasam UPS, Evoor North" , "serialid":9},
{ "lat": 9.23907741, "lng": 76.48548573, "name": "Govt. LPS , Evoor North" , "serialid":10},
{ "lat": 9.21025252, "lng": 76.49611917, "name": "Pathiyoor Panchayath High School" , "serialid":11}]},
{"coords": [{ "lat": 9.20849402, "lng": 76.51553939, "name": "Thekkakara Govt.LP girls school,Bhagavathippadi" , "serialid":1},
{ "lat": 9.1848175, "lng": 76.5306495, "name": "Koyippallikaranma H,S, Peringala" , "serialid":2},
{ "lat": 9.22868089, "lng": 76.5290346, "name": "Govt. LPS Erezha" , "serialid":3},
{ "lat": 9.21212382, "lng": 76.52731225, "name": "U P S Erezha" , "serialid":4},
{ "lat": 9.19934102, "lng": 76.53127407, "name": "Govt.U P S, Thekkekara" , "serialid":5},
{ "lat": 9.19756683, "lng": 76.52448982, "name": "V S S H S, Koipallikarazhma" , "serialid":6},
{ "lat": 9.20595, "lng": 76.5147547, "name": "Thekkakara Govt.LP boys school, Bhagavathippadi" , "serialid":7},
{ "lat": 9.19205776, "lng": 76.5164195, "name": "Kankalil L.P.S, Perigala" , "serialid":8},
{ "lat": 9.192895, "lng": 76.5157883, "name": "C.S.L.P.S, Peringala" , "serialid":9}]},
{"coords": [{ "lat": 9.85079857221639, "lng": 76.3577575609088, "name": "Govt. High School, Perumbalam" , "serialid":1},
{ "lat": 9.8423613, "lng": 76.3591089, "name": "Krishi Vigyan Kendra Perumbalam" , "serialid":2},
{ "lat": 9.8510651927607, "lng": 76.358758431462, "name": "Govt. Lower Primary school, Perumbalam North" , "serialid":3},
{ "lat": 9.84599219180686, "lng": 76.3545151054859, "name": "Govt. High School, Lower Primary school, Perumbalam" , "serialid":4},
{ "lat": 9.847623247, "lng": 76.36011702, "name": "Lower Primary school, Perumbalam South" , "serialid":5}]},
{"coords": [{ "lat": 9.193672, "lng": 76.4854874, "name": "Eruva L.P.Girl's School" , "serialid":1},
{ "lat": 9.18821272, "lng": 76.48905279, "name": "Muhammadan L.P.S. Kottukulangara" , "serialid":2},
{ "lat": 9.179590450, "lng": 76.49731069172, "name": "M.S.M High School, Kayamkulam" , "serialid":3},
{ "lat": 9.1887808, "lng": 76.5005865, "name": "Sree Vittobha High School, Kayamkulam" , "serialid":4},
{ "lat": 9.17933978, "lng": 76.49333027, "name": "MSM College Kayamkulam North Building Middle portion" , "serialid":5}]},
{"coords": [{ "lat": 9.1758241, "lng": 76.5045057, "name": "Govt.Boy's H.S,Kayamkulam" , "serialid":1},
{ "lat": 9.1758241, "lng": 76.5045057, "name": "Govt.L.P.S, Kayamkulam " , "serialid":2},
{ "lat": 9.1758241, "lng": 76.5045057, "name": "Govt.Girl's H.S, Kayamkulam" , "serialid":3},
{ "lat": 9.1782625, "lng": 76.503877, "name": "Nadakkavu L.P.S, Kayamkulam ('A' Veetil School) Kayamkulam" , "serialid":4},
{ "lat": 9.1689651, "lng": 76.5037547, "name": "St.Marys G.H.S Kayamkulam" , "serialid":5},
{ "lat": 9.161807, "lng": 76.5125387, "name": "N.S.S,L.P.S,Cheravally" , "serialid":6},
{ "lat": 9.1758241, "lng": 76.5045057, "name": "Govt.U.P.School, Kayamkulam" , "serialid":7}]},
{"coords": [{ "lat": 9.1757753, "lng": 76.5241597, "name": "Komalthu Kesavapillai Smaraka Community Hall, Cheravally" , "serialid":1},
{ "lat": 9.1664125, "lng": 76.5240052, "name": "Govt.L.P.S. Pullikannakku" , "serialid":2},
{ "lat": 9.1615585, "lng": 76.522723, "name": "Govt L.P.S,Thevalappuram, Krishnapuram" , "serialid":3},
{ "lat": 9.1704762, "lng": 76.5260212, "name": "N.S.S.H.S.Pullikannakku" , "serialid":4},
{ "lat": 9.1615585, "lng": 76.522723, "name": "Govt LPS,Thevalappuram, Krishnapuram" , "serialid":5},
{ "lat": 9.1704762, "lng": 76.5260212, "name": "N.S.S.H.S. Pullikannakku" , "serialid":6},
{ "lat": 9.1757753, "lng": 76.5241597, "name": "Rice Research Center, Kayamkulam" , "serialid":7},
{ "lat": 9.156918, "lng": 76.5284394, "name": "Viswabharathi MHS" , "serialid":8},
{ "lat": 9.1761562, "lng": 76.5378238, "name": "HHYSM UPS" , "serialid":9}]},
{"coords": [{ "lat": 9.1592716, "lng": 76.4863848, "name": "SNDP Sagha Yogam No. 249. Puthuppally" , "serialid":1},
{ "lat": 9.1301725, "lng": 76.5028649, "name": "Govt. LPS, Thekke Anjilimoodu" , "serialid":2},
{ "lat": 9.1304859, "lng": 76.5015131, "name": "Govt. KNM. UPS" , "serialid":3},
{ "lat": 9.1592796, "lng": 76.4863848, "name": "Govt. UPS , Puthuppally" , "serialid":4},
{ "lat": 9.1365956, "lng": 76.4957653, "name": "Chooloor UPS , Puthuppally" , "serialid":5},
{ "lat": 9.1400943, "lng": 76.484759, "name": "CMS HS" , "serialid":6},
{ "lat": 9.1329738, "lng": 76.5060372, "name": "RVSME HS" , "serialid":7}]},
{"coords": [{ "lat": 9.1498632, "lng": 76.5081238, "name": "Govt. U.P.S,Krishnapuram" , "serialid":1},
{ "lat": 9.1524889, "lng": 76.5337207, "name": "Thayyil South LPS" , "serialid":2},
{ "lat": 9.1524884, "lng": 76.5337207, "name": "N.N.M,U.P.S, Kappil East" , "serialid":3},
{ "lat": 9.141834, "lng": 76.519723, "name": "Panchayath Office, Krishnapuram" , "serialid":4},
{ "lat": 9.149242, "lng": 76.541549, "name": "Panchayath Cultural Center, Krishnapuram" , "serialid":5},
{ "lat": 9.1434012, "lng": 76.5079598, "name": "NSS Karayogam Mandiram, Thekku Kochumury" , "serialid":6},
{ "lat": 9.140368, "lng": 76.513224, "name": "Model Anganwadi Building, Njakkanal, Krishnapuram" , "serialid":7},
{ "lat": 9.1524884, "lng": 76.5337207, "name": "Govt.L.P.S,Kappil East" , "serialid":8},
{ "lat": 9.1537461, "lng": 76.5103063, "name": "Technical H.S. Krishnapuram" , "serialid":9},
{ "lat": 9.149242, "lng": 76.541549, "name": "Rama Varma Vilasam LPS, Krishnapuram" , "serialid":10},
{ "lat": 9.1659393, "lng": 76.5016229, "name": "SreeRama Vilasam Govt. LPS," , "serialid":11},
{ "lat": 9.1336435, "lng": 76.5155513, "name": "C.M.S.L.P.S Kappil East" , "serialid":12}]},
{"coords": [{ "lat": 9.1898731, "lng": 76.4806067, "name": "SNDP, Shaka Yogam Building No. 328" , "serialid":1},
{ "lat": 9.196372, "lng": 76.4854874, "name": "Town UPS,Keerikkad, Kayamkulam West Block" , "serialid":2},
{ "lat": 9.1775229, "lng": 76.4775615, "name": "NRPM High School North Block Pullukulangara" , "serialid":3},
{ "lat": 9.1697215, "lng": 76.4637125, "name": "N.R.P.M High School Pullukulangara" , "serialid":4},
{ "lat": 9.193672, "lng": 76.4854874, "name": "Town UPS,Keerikkad, Kayamkulam" , "serialid":5},
{ "lat": 9.1697215, "lng": 76.4637125, "name": "L.P.S, Njavakkadu" , "serialid":6},
{ "lat": 9.1727823, "lng": 76.4794594, "name": "Moolasseril Devasom L.P.S, Kayamkulam." , "serialid":7}]},
{"coords": [{ "lat": 9.27057665, "lng": 76.42856671, "name": "Coir Society No. 381, Ericavu" , "serialid":1},
{ "lat": 9.273421, "lng": 76.432002, "name": "E.A. LPS, Ericavu North Block" , "serialid":2},
{ "lat": 9.2583814, "lng": 76.4299418, "name": "Co-operative Society No. 1857, Mahadevikadu" , "serialid":3},
{ "lat": 9.243674, "lng": 76.453176, "name": "Village Office , Karthikappally" , "serialid":4},
{ "lat": 9.25935337, "lng": 76.43826541, "name": "Vanitha Mini Vyavasya Kendram, Karthikapally" , "serialid":5},
{ "lat": 9.267867, "lng": 76.4599523, "name": "Panchayath Office, Karthikappally" , "serialid":6},
{ "lat": 9.27569031, "lng": 76.40587649, "name": "Coir Society No. 650, Valiyaparambu" , "serialid":7},
{ "lat": 9.264488, "lng": 76.417539, "name": "Govt. LPS, Valiyaparampu" , "serialid":8},
{ "lat": 9.27519588, "lng": 76.42148721, "name": "Govt. UPS, Ericavu" , "serialid":9},
{ "lat": 9.25831817, "lng": 76.42960031, "name": "SNDP HS , Mahadevikadu" , "serialid":10},
{ "lat": 9.2896393, "lng": 76.40749711, "name": "Admavidya Sangham LPS , Kizhakkekara North" , "serialid":11},
{ "lat": 9.260159, "lng": 76.4289461, "name": "Govt. UPS, Mahadevikadu" , "serialid":12}]},
{"coords": [{ "lat": 9.29677159, "lng": 76.39245812, "name": "Govt. LPS, Pallana" , "serialid":1},
{ "lat": 9.27089303, "lng": 76.40255326, "name": "Muslim Education Centre, Pallippattumuri" , "serialid":2},
{ "lat": 9.265588, "lng": 76.406525, "name": "NSS Karayogam No.127" , "serialid":3},
{ "lat": 9.25663659, "lng": 76.41677572, "name": "Govt.LPS Trikkunnapuzha" , "serialid":4},
{ "lat": 9.258413, "lng": 76.410328, "name": "Govt. LPS, Thrikkunnapuzha  " , "serialid":5},
{ "lat": 9.2552324, "lng": 76.4094187, "name": "Marthoma UPS, Kottamuri" , "serialid":6},
{ "lat": 9.25310679, "lng": 76.41003677, "name": "All Kerala Deevara Sabha No. 70, Kottemuri" , "serialid":7},
{ "lat": 9.25154838, "lng": 76.4144312, "name": "Chaitanya Araya Karayogom Office Building" , "serialid":8},
{ "lat": 9.24810019, "lng": 76.41202055, "name": "All kerala Deevara Sabha No. 71, Pathiyankara " , "serialid":9},
{ "lat": 9.24081967, "lng": 76.41749044, "name": "Vafi Arabic College, Pathiyankara" , "serialid":10},
{ "lat": 9.30091693, "lng": 76.39577681, "name": "Kumaranasan Memorial UPS, Pallana" , "serialid":11},
{ "lat": 9.29289162, "lng": 76.39281714, "name": "Mahakavi Kumaranasan Memorial HS, Pallana" , "serialid":12},
{ "lat": 9.28137419, "lng": 76.39857625, "name": "Govt. LPS, Pannoorkara" , "serialid":13}]},
{"coords": [{ "lat": 9.22656907, "lng": 76.42637209, "name": "SreeNarayana Bhakthajana Sangham, Arattupuzha" , "serialid":1},
{ "lat": 9.1774446, "lng": 76.4449857, "name": "M.LPS, Arattupuzha" , "serialid":2},
{ "lat": 9.20963479, "lng": 76.43406288, "name": "Coir Society No. 463, Arattupuzha" , "serialid":3},
{ "lat": 9.2017854, "lng": 76.4360655, "name": "Panchayath Office, Arattupuzha" , "serialid":4},
{ "lat": 9.165128, "lng": 76.453022, "name": "Panackal LPS, Perumpally" , "serialid":5},
{ "lat": 9.16191488, "lng": 76.45521755, "name": "S.K.D. UPS, Tharayilkadavu" , "serialid":6},
{ "lat": 9.2333521, "lng": 76.42011347, "name": "Govt.HS, Mangalam" , "serialid":7},
{ "lat": 9.21618523, "lng": 76.42992208, "name": "M.U.UPS, Arattupuzha" , "serialid":8},
{ "lat": 9.20424583, "lng": 76.43630654, "name": "St. Sebastian LPS, Kallikkad" , "serialid":9},
{ "lat": 9.19249057, "lng": 76.43888521, "name": "Panchayath LPS, Nallanickal" , "serialid":10},
{ "lat": 9.1418324, "lng": 76.4668369, "name": "Govt. High School, Valiazheekkal" , "serialid":11}]},
{"coords": [{ "lat": 9.2992956, "lng": 76.46036168, "name": "Govt. Upper Primary School, Vellamkulangara" , "serialid":1},
{ "lat": 9.27670167, "lng": 76.44372046, "name": "Govt. LPS, Pandy" , "serialid":2},
{ "lat": 9.3211037, "lng": 76.4386687, "name": "St. Mary's LPS, Cheruthana" , "serialid":3},
{ "lat": 9.323847, "lng": 76.443118, "name": "Govt. New UPS, Ayaparambu" , "serialid":4},
{ "lat": 9.298068, "lng": 76.448975, "name": "St. John’s Church Parish Hall, Anari" , "serialid":5},
{ "lat": 9.31038, "lng": 76.449143, "name": "Puthussery LP School, Anary" , "serialid":6},
{ "lat": 9.302233, "lng": 76.444853, "name": "SDNN Library Cheruthana" , "serialid":7},
{ "lat": 9.302233, "lng": 76.444853, "name": "Grama Panchayath Office, Cheruthana" , "serialid":8},
{ "lat": 9.2993058, "lng": 76.4512831, "name": "Brahmananda Vilasam LP School, Anary" , "serialid":9},
{ "lat": 9.298237, "lng": 76.448829, "name": "Govt. H.S. Ayaparambu" , "serialid":10}]},
{"coords": [{ "lat": 9.8212107, "lng": 76.3501557, "name": "Nair Service Society Lower Primary School, Thrichattukulam" , "serialid":1},
{ "lat": 9.8093667, "lng": 76.3596067, "name": "Hidayathul Madrasa Panavally" , "serialid":2},
{ "lat": 9.83392768, "lng": 76.33503596, "name": "Govt. Lower Primary School, Thrichattukulam" , "serialid":3},
{ "lat": 9.8197413, "lng": 76.3479906, "name": "Govt. Upper Primary School, Odampally" , "serialid":4},
{ "lat": 9.80941384226744, "lng": 76.353698708117, "name": "Block Development Office, Thykkattussery" , "serialid":5},
{ "lat": 9.7887234, "lng": 76.3564798, "name": "Govt. Lower Primary school, Thaliyaparambu" , "serialid":6},
{ "lat": 9.83331457364951, "lng": 76.3344096019864, "name": "Nair Service Society High School, Panavally" , "serialid":7}]},
{"coords": [{ "lat": 9.30872873, "lng": 76.45656144, "name": "St.Mary's Upper Primary School, Karichal" , "serialid":1},
{ "lat": 9.31008051, "lng": 76.45714636, "name": "St. George Lower Primary School, Karichal" , "serialid":2},
{ "lat": 9.31957222, "lng": 76.4601011, "name": "Govt. Lower Primary School, Paippadu" , "serialid":3},
{ "lat": 9.3282596, "lng": 76.46453527, "name": "Govt. Timber Depot, Veeyapuram" , "serialid":4},
{ "lat": 9.32654077, "lng": 76.4928012, "name": "St. Kuriakose Upper Primary School, Melpadam  " , "serialid":5},
{ "lat": 9.3264393, "lng": 76.49353615, "name": "M.T.Lower Primary School, Melpadam" , "serialid":6},
{ "lat": 9.348195, "lng": 76.461089, "name": "Panchayath Community Hall, Kanjiramthuruthu, Cheruthana" , "serialid":7},
{ "lat": 9.32745472, "lng": 76.46247107, "name": "Govt. High School, Veeyapuram" , "serialid":8}]},
{"coords": [{ "lat": 9.8212119, "lng": 76.3501531, "name": "Sree Narayana High School Poochackal" , "serialid":1},
{ "lat": 9.8002716, "lng": 76.3574312, "name": "Sree Narayana Dharma Samrakshana Yogam Upper Primary school, Poochackal" , "serialid":2},
{ "lat": 9.7889368, "lng": 76.3190424, "name": "Govt.Lower Primary school, Olavaippu" , "serialid":3},
{ "lat": 9.7728216, "lng": 76.3407449, "name": "Sreemoolam Silver Jubily High School, Thykkattussery" , "serialid":4},
{ "lat": 9.9243753994373, "lng": 76.2770566684412, "name": "Govt. Upper Primary School, Thykkattussery" , "serialid":5},
{ "lat": 9.7646509, "lng": 76.3433831, "name": "St.Mary's Lower Primary School, Srambickal" , "serialid":6},
{ "lat": 9.79838576260628, "lng": 76.3456839323044, "name": "Mar Alosious Memorial Lower Primary School, Poochackal" , "serialid":7},
{ "lat": 9.7728183, "lng": 76.3407498, "name": "Maniyathrickal Devaswam Upper Primary school, NaduBhagom" , "serialid":8},
{ "lat": 9.7728206, "lng": 76.3407518, "name": "St.Theresa's High school, Manppuram" , "serialid":9},
{ "lat": 9.7738369, "lng": 76.341116, "name": "Govt.High school, Thevervattom" , "serialid":10}]},
{"coords": [{ "lat": 9.7094251, "lng": 76.3258332, "name": "Sakthiswaram temple auditorium Kalavamkodam" , "serialid":1},
{ "lat": 9.7231502, "lng": 76.3292708, "name": "AKG Librery Reg No 5405 Vayalar" , "serialid":2},
{ "lat": 9.6871376, "lng": 76.3419276, "name": "No.129 Coir Industries co-operative Society Office, Velorvattom" , "serialid":3},
{ "lat": 9.71835226398019, "lng": 76.3185774266398, "name": "Panchajanyam Auditorium, Vayalar" , "serialid":4},
{ "lat": 9.74256874875817, "lng": 76.3252709805965, "name": "St.Micheals High School, Kavil" , "serialid":5},
{ "lat": 9.7188467, "lng": 76.3187067, "name": "Karappuram Mission U.P.School, Kalavamkodam" , "serialid":6}]},
{"coords": [{ "lat": 9.7187466, "lng": 76.3185502, "name": "Panchayath Office, Vayalar" , "serialid":1},
{ "lat": 9.7187374, "lng": 76.3185447, "name": "Service Co. Op. Bank No.1428, Vayalar (Library Hall)" , "serialid":2},
{ "lat": 9.70192987632107, "lng": 76.3389795149964, "name": "Panickaveettil Sir.Sebastian Memmorial Public School, vayalar" , "serialid":3},
{ "lat": 9.71270382832792, "lng": 76.3186797872186, "name": "Vayalar Rama Varma Memmorial High School" , "serialid":4},
{ "lat": 9.7141765, "lng": 76.341397, "name": "Little Flower L.P.S. Vayalar" , "serialid":5},
{ "lat": 9.7187438, "lng": 76.3185443, "name": "Vayalar North Govt. L.P.School" , "serialid":6}]},
{"coords": [{ "lat": 9.69269418, "lng": 76.33478909, "name": "Naipunya College of Management" , "serialid":1},
{ "lat": 9.6871371, "lng": 76.3419285, "name": "Muttom Holy Family Lower Primary School, Cherthala" , "serialid":2},
{ "lat": 9.68834794229319, "lng": 76.3302612304688, "name": "Muttom Holy Family Boys High School" , "serialid":3},
{ "lat": 9.6828651, "lng": 76.3406451, "name": "Cherthala Town Lower Primary School" , "serialid":4},
{ "lat": 9.66923524224118, "lng": 76.3397673144937, "name": "Govt. Poly Technic, Cherthala" , "serialid":5},
{ "lat": 9.6871368, "lng": 76.3419241, "name": "St.Mary's Girls High School, Cherthala" , "serialid":6},
{ "lat": 9.66066922448682, "lng": 76.338652856648, "name": "Little Flower Upper Primary School, Mathilakom" , "serialid":7}]},
{"coords": [{ "lat": 9.69278909561276, "lng": 76.3447418063879, "name": "Assistant Executive Engineer Office" , "serialid":1},
{ "lat": 9.65736805506565, "lng": 76.3224230937747, "name": "Branch No.469 S.N.D.P. Yogam Office Building, Nedumbrakadu" , "serialid":2},
{ "lat": 9.69765288091461, "lng": 76.3494413718581, "name": "Ardra Special School Nedumbrakkad" , "serialid":3},
{ "lat": 9.7036316, "lng": 76.314386, "name": "Muriyanad Gopinath memorial Anganwadi No 31" , "serialid":4},
{ "lat": 9.67587121929518, "lng": 76.322827488184, "name": "Village Office, Kokkothamangalam" , "serialid":5},
{ "lat": 9.70677786615929, "lng": 76.3488549262466, "name": "Chenganda Coir Industries Co Op Society Ltd A 555" , "serialid":6},
{ "lat": 9.69932447066235, "lng": 76.3505326956511, "name": "Govt. Upper Primary school, Nedumbrakadu" , "serialid":7}]},
{"coords": [{ "lat": 9.62543201446533, "lng": 76.3317031860352, "name": "Velliyakulam N S S Karayogam no 1612,Velliyakulam" , "serialid":1},
{ "lat": 9.68349055292743, "lng": 76.3501028519604, "name": "Cherthala East Lower Primary School" , "serialid":2},
{ "lat": 9.68081087489524, "lng": 76.3737671964305, "name": "St. Antonys H S , Kokkothamangalam" , "serialid":3},
{ "lat": 9.69641587269682, "lng": 76.3585816696286, "name": "Govt. LPS Kokkothamangalam" , "serialid":4},
{ "lat": 9.68241481729463, "lng": 76.3630882657476, "name": "Govt. U P S Velliyakulam" , "serialid":5}]},
{"coords": [{ "lat": 9.687137, "lng": 76.3419247, "name": "No. 522 Jnanodayam Sree Narayana Dharma Paripalana Yogam Branch Office" , "serialid":1},
{ "lat": 9.68054785516201, "lng": 76.3349839299917, "name": "Co-operative Training Centre, Cherthala" , "serialid":2},
{ "lat": 9.6871063, "lng": 76.3418065, "name": "Parish Hall St. Martin Church" , "serialid":3},
{ "lat": 9.6807897, "lng": 76.3215343, "name": "No.1606 Nair Service society Karayogam Office" , "serialid":4},
{ "lat": 9.66879070179281, "lng": 76.3247375562787, "name": "Lower Primary School, Karuvayil" , "serialid":5}]},
{"coords": [{ "lat": 9.8601035917508, "lng": 76.3033600151539, "name": "SNDP No.966 Sakhayogam Sandhyalayam" , "serialid":1},
{ "lat": 9.8464485, "lng": 76.3083707, "name": "Ihiya ul Islam Govt. L.P.School, Chandiroor" , "serialid":2},
{ "lat": 9.75079065810897, "lng": 76.3951254442744, "name": "Nair Service Society, 804 Office,Eramalloor" , "serialid":3},
{ "lat": 9.8172769, "lng": 76.3127402, "name": "Santhacruze Public School, Eramalloor" , "serialid":4},
{ "lat": 9.8347668, "lng": 76.3093712, "name": "St.Francis Xaviers L.P.School, Eramalloor" , "serialid":5},
{ "lat": 9.86983841766486, "lng": 76.3047178834677, "name": "Govt. High School, Chandiroor" , "serialid":6},
{ "lat": 9.8197888, "lng": 76.3131207, "name": "Nair Samajam L.P.School, Eramalloor" , "serialid":7}]},
{"coords": [{ "lat": 9.7399589172754, "lng": 76.3648986071348, "name": "Panchayathu Office, Chennam Pallippuram" , "serialid":1},
{ "lat": 9.73885809231229, "lng": 76.3623655954764, "name": "Govt. Lower Primary School Ottappunna" , "serialid":2},
{ "lat": 9.7590832, "lng": 76.3625234, "name": "N.S.S. College, Pallippuram" , "serialid":3},
{ "lat": 9.71792693, "lng": 76.35988079, "name": "Govt. HSS, Thirunallor" , "serialid":4},
{ "lat": 9.7187258, "lng": 76.3601645, "name": "Govt. High school, Lower Primary School, Thirunallor" , "serialid":5}]},
{"coords": [{ "lat": 9.7590811, "lng": 76.3625299, "name": "No.663 SNDP Yogam Sadhalayam, Pallippuram" , "serialid":1},
{ "lat": 9.7600364993744, "lng": 76.3646174090653, "name": "Sreemoolam Kerala Pattarya Samajom High School, Pallippuram" , "serialid":2},
{ "lat": 9.7590817, "lng": 76.3625247, "name": "St.Mary's Lower Primary School, Pallippuram." , "serialid":3},
{ "lat": 9.7559402, "lng": 76.3571128, "name": "Kalathil Devasam Gouri Sankara Auditorium" , "serialid":4},
{ "lat": 9.7501983, "lng": 76.3534482, "name": "Govt.Upper Primary School, Palluvelil Bhagam" , "serialid":5}]},
{"coords": [{ "lat": 9.6580281, "lng": 76.3180437, "name": "Machunkal Krishnakurup Memorial Kalyana Mandapam" , "serialid":1},
{ "lat": 9.65189533430271, "lng": 76.3669936235379, "name": "Industrial Training Center, V.V. Gramam" , "serialid":2},
{ "lat": 9.66951551725527, "lng": 76.3030448555946, "name": "Aravukadu Devaswam Lower Primary School" , "serialid":3},
{ "lat": 9.6604444, "lng": 76.3023354, "name": "Govt.Regional Technical Fisheries Higher Secondery school, Arthunkal" , "serialid":4},
{ "lat": 9.6603683, "lng": 76.3023586, "name": "St;Sebastian's Lower Primary School" , "serialid":5},
{ "lat": 9.73094220438134, "lng": 76.338560292835, "name": "Lower Primary School, Cherthala North" , "serialid":6},
{ "lat": 9.6603708, "lng": 76.3023721, "name": "St.Francis assisi HSS Arthunkal" , "serialid":7}]},
{"coords": [{ "lat": 9.660382, "lng": 76.3023537, "name": "St Francis Assisi TTI Arthunkal" , "serialid":1},
{ "lat": 9.64781532693578, "lng": 76.3364105299115, "name": "St;Michael's College, Cherthala" , "serialid":2},
{ "lat": 9.6542037, "lng": 76.3016867, "name": "CCM private ITI Arthunkal" , "serialid":3},
{ "lat": 9.6604577, "lng": 76.3025432, "name": "Presentation Lower Primary School, Chennaveli" , "serialid":4},
{ "lat": 9.631846, "lng": 76.31483929, "name": "St.Thomas L P S  ,Chennaveli(St.Thomas L P S ,Chennaveli)" , "serialid":5},
{ "lat": 9.7170812, "lng": 76.3163611, "name": "Govt.High School, Cherthala South" , "serialid":6}]},
{"coords": [{ "lat": 9.6758642, "lng": 76.3927086, "name": "N S S Auditoriam ,Thannermukkam" , "serialid":1},
{ "lat": 9.6758645, "lng": 76.3927084, "name": "N S S L P S Thannermukkam" , "serialid":2},
{ "lat": 9.6758638, "lng": 76.3927046, "name": "G H S Thannermukkam" , "serialid":3},
{ "lat": 9.6611923, "lng": 76.3637951, "name": "Sreekandamangalam N S S L P S ,Sreekandamangalam" , "serialid":4},
{ "lat": 9.6758632, "lng": 76.3927038, "name": "Thannermukkam Panchayath L P S" , "serialid":5}]},
{"coords": [{ "lat": 9.64233965364555, "lng": 76.3550642877817, "name": "S N V L P S Puthanambalam" , "serialid":1},
{ "lat": 9.6150535, "lng": 76.3635546, "name": "C M S L P S , Kaippuram" , "serialid":2},
{ "lat": 9.65318617017173, "lng": 76.3575739234182, "name": "G L P S Ayyappancherry" , "serialid":3},
{ "lat": 9.62844130197927, "lng": 76.3688548252656, "name": "G Sanskrit H S Charamangalam Charamangalam" , "serialid":4},
{ "lat": 9.637308, "lng": 76.3798262, "name": "St. Mathews H S Kannankara" , "serialid":5}]},
{"coords": [{ "lat": 9.630966, "lng": 76.3587814, "name": "SN Vayanasala Thaduthuveli" , "serialid":1},
{ "lat": 9.6038226, "lng": 76.3544299, "name": "Mother Theresa H S Muhamma Perumthuruth" , "serialid":2},
{ "lat": 9.69299796670555, "lng": 76.4688687481736, "name": "K P Memmorial L P S, Perumthuruth" , "serialid":3},
{ "lat": 9.60138332331889, "lng": 76.3536071777344, "name": "G L P S , Muhamma Perumthuruth" , "serialid":4},
{ "lat": 9.6828777, "lng": 76.3406555, "name": "S N V L P S Charamangalam" , "serialid":5},
{ "lat": 9.60797666889922, "lng": 76.3635695725679, "name": "C M S L P S , Muhamma Muhamma" , "serialid":6},
{ "lat": 9.64764311859678, "lng": 76.3740767911077, "name": "Asad Memmorial Panchayath L P S Kaippuram" , "serialid":7}]},
{"coords": [{ "lat": 9.66390798948727, "lng": 76.3392221555114, "name": "K.V.M.SCHOOL OF MENTALY CHALLANGE,MARUTHORVATTAM" , "serialid":1},
{ "lat": 9.63269800849329, "lng": 76.3419422507286, "name": "No 1610 NSS Karayogam Koottuveli" , "serialid":2},
{ "lat": 9.6758625, "lng": 76.3926999, "name": "Tagor Memmorial U P S Maruthorvattam" , "serialid":3},
{ "lat": 9.6215636, "lng": 76.332137, "name": "Durgavilasam G H S, Charamangalam" , "serialid":4}]},
{"coords": [{ "lat": 9.6180356, "lng": 76.3468574, "name": "Kanjikuzhi Coir Mats and mattings no 745, Kanjikuzhi" , "serialid":1},
{ "lat": 9.68544323788653, "lng": 76.3468220633449, "name": "Kanjikuzhi small scale cior mats&matings Manufactures co op. Society ltd. no. A739" , "serialid":2},
{ "lat": 9.62220192395855, "lng": 76.3425521180034, "name": "Kanjikuzhi Panchayath Office , Charamangalam" , "serialid":3},
{ "lat": 9.6215643, "lng": 76.3321365, "name": "Auditorium Yuva Reshmi Arts and Sports Club Reg No. A294/90 Vanaswargam" , "serialid":4},
{ "lat": 9.6215633, "lng": 76.3321365, "name": "P.P.Swathanthryam Memorial Hall, Kanjikuzhy" , "serialid":5},
{ "lat": 9.6215628, "lng": 76.3321332, "name": "Hope community village KG School" , "serialid":6},
{ "lat": 9.6215664, "lng": 76.3321353, "name": "Lutharmission school, Perumthuruth" , "serialid":7}]},
{"coords": [{ "lat": 9.63614705, "lng": 76.31483929, "name": "Perunnormangalam L P S Kanichukulangara " , "serialid":1},
{ "lat": 9.6268224, "lng": 76.3325277, "name": "Kanjikuzhi Block office, S L Puram " , "serialid":2},
{ "lat": 9.6221209, "lng": 76.33142428, "name": "S N Collage Cherthala" , "serialid":3},
{ "lat": 9.63614705, "lng": 76.31483929, "name": "Perunnormangalam G L P S(Kanichukulangara)" , "serialid":4},
{ "lat": 9.62175482, "lng": 76.30801759, "name": "Poklassery G L P S(Poklassery )" , "serialid":5},
{ "lat": 9.6287787, "lng": 76.3147567, "name": "Kanichukulangara VHS West portion of Main Building (Kanichukulangara )" , "serialid":6}]},
{"coords": [{ "lat": 9.82351052439358, "lng": 76.3100080401332, "name": "Krishibhavan Ezhupunna, Eramalloor" , "serialid":1},
{ "lat": 9.8234022, "lng": 76.3107544, "name": "Panchayath Office, Ezhupunna" , "serialid":2},
{ "lat": 9.818198, "lng": 76.3127305, "name": "St.Raphel High School, Ezhupunna" , "serialid":3},
{ "lat": 9.8409753, "lng": 76.2961806, "name": "St.Marys Imakkulate L.P.School, Ezhupunna" , "serialid":4},
{ "lat": 9.7965959, "lng": 76.3163889, "name": "Sree Narayanapuram L.P.School, Ezhupunna" , "serialid":5}]},
{"coords": [{ "lat": 9.601515, "lng": 76.316577, "name": "Service Coorperative Bank, Auditorium, Mararikulam" , "serialid":1},
{ "lat": 9.602654, "lng": 76.324247, "name": "Navareshmi Vayanashala, Mararikulam  " , "serialid":2},
{ "lat": 9.60845126, "lng": 76.3285975, "name": "S L Puram G H S, S L Puram" , "serialid":3},
{ "lat": 9.59882256, "lng": 76.31618694, "name": "G L P S Mararikulam " , "serialid":4},
{ "lat": 9.60250886, "lng": 76.3026833, "name": "St. Augustin H S  , Mararikulam Beach, Mararikulam" , "serialid":5}]},
{"coords": [{ "lat": 9.58501071, "lng": 76.35139935, "name": "Kavunkal Library and Reading room, Mannancherry " , "serialid":1},
{ "lat": 9.5024323, "lng": 76.3405845, "name": "Thableegul Islam Madrassa, Panackal, Mannancherry " , "serialid":2},
{ "lat": 9.58983662, "lng": 76.32785445, "name": "Njanodayam G L P S, Valavanadu" , "serialid":3},
{ "lat": 9.58842787, "lng": 76.35025195, "name": "Kavungal L P S, Kavunkal(Kavunkal)" , "serialid":4},
{ "lat": 9.57673253, "lng": 76.34921915, "name": "Cresent Public School, Mannanchery" , "serialid":5},
{ "lat": 9.58847941, "lng": 76.36123077, "name": "Ponnad L P S, ponnad " , "serialid":6},
{ "lat": 9.57673253, "lng": 76.34921915, "name": "Govt H.S Mannancherry  " , "serialid":7}]},
{"coords": [{ "lat": 9.57193016, "lng": 76.34695761, "name": "Krishibhavan Office, Mannancherry" , "serialid":1},
{ "lat": 9.55624395, "lng": 76.34562263, "name": "S N D P Branch no 351, Ambanakulangara " , "serialid":2},
{ "lat": 9.54238, "lng": 76.349531, "name": "Madrass Building Ambanakulangara " , "serialid":3},
{ "lat": 9.57238779, "lng": 76.34722221, "name": "Panchayath office , Mannancherry " , "serialid":4},
{ "lat": 9.56909607, "lng": 76.3295985, "name": "G L P S Kalavoor " , "serialid":5},
{ "lat": 9.57778323, "lng": 76.33052363, "name": "Block Office, Aryad " , "serialid":6},
{ "lat": 9.56968261, "lng": 76.32860638, "name": "Govt H S Kalavoor " , "serialid":7}]},
{"coords": [{ "lat": 9.55018897, "lng": 76.34264264, "name": "S N D P Branch 347, Thambakachadu " , "serialid":1},
{ "lat": 9.55941106, "lng": 76.34722469, "name": "Pakalveedu, Thampakachuvadu " , "serialid":2},
{ "lat": 9.55149927, "lng": 76.3406494, "name": "Sree Gurudeva Prarthana Samithy & Charama Sahaya Fund No. 59/71, North Aryad" , "serialid":3},
{ "lat": 9.55208814, "lng": 76.33643569, "name": "Sariga News reading Room Nethaji West, Aryad " , "serialid":4},
{ "lat": 9.554402, "lng": 76.342999, "name": "Samskarika Nilayam, Mannancherry " , "serialid":5},
{ "lat": 9.56047062, "lng": 76.31815708, "name": "Anjali Library And Reading Room, Kalavoor" , "serialid":6},
{ "lat": 9.56486062, "lng": 76.32141921, "name": "Kator thekkumbhagam N S S Karayogam no 1295 , Kalavoor" , "serialid":7},
{ "lat": 9.55941106, "lng": 76.34722469, "name": "Govt: UPS Thambakachuvadu " , "serialid":8},
{ "lat": 9.5472157, "lng": 76.35023135, "name": "G U P S, Aryad North" , "serialid":9}]},
{"coords": [{ "lat": 9.59312716, "lng": 76.32633292, "name": "Puthenkavu Devaswam Office, Valavanad" , "serialid":1},
{ "lat": 9.58771078, "lng": 76.31434949, "name": "Kattor Desasevini Librari, Kattoor" , "serialid":2},
{ "lat": 9.58755627, "lng": 76.31436019, "name": "St.Joseph’s English Medium H.S, Thriveni, Kalavoor " , "serialid":3},
{ "lat": 9.576304, "lng": 76.30551, "name": "St. Vincent Palloti College, Sasthrikukku" , "serialid":4},
{ "lat": 9.58111593, "lng": 76.32111564, "name": "Tagore Memmorial Panchayath L P S Preethikulangara" , "serialid":5},
{ "lat": 9.56589488, "lng": 76.30885564, "name": "Holly Family H S ,Kattoor(Kattoor)" , "serialid":6},
{ "lat": 9.58267716, "lng": 76.30742415, "name": "G H S, Pollethai " , "serialid":7}]},
{"coords": [{ "lat": 9.56349842, "lng": 76.30927425, "name": "Matts and Mattings Factory Building, Survodhayapuram " , "serialid":1},
{ "lat": 9.55801743, "lng": 76.31036636, "name": "Krishibhavan Office , Kattoor" , "serialid":2},
{ "lat": 9.55646007, "lng": 76.30837289, "name": "No 97,Anganwadi, Kattoor " , "serialid":3},
{ "lat": 9.502416, "lng": 76.3405484, "name": "S N D P Branch no 617, Kattoor" , "serialid":4},
{ "lat": 9.56936, "lng": 76.328107, "name": "Kattoor Kristhuraja Harithatheeram Hall" , "serialid":5},
{ "lat": 9.55453733, "lng": 76.31804297, "name": "Sarvodayapuram socio economic Main building" , "serialid":6},
{ "lat": 9.5677167, "lng": 76.32733971, "name": "Alpha Genious Entrance Accademy" , "serialid":7},
{ "lat": 9.56349842, "lng": 76.30927425, "name": "Mararikulam(S) Panchyath offfice, Kattor" , "serialid":8},
{ "lat": 9.53924827, "lng": 76.3130321, "name": "St. Antony L P S, Omanappuzha" , "serialid":9},
{ "lat": 9.539925, "lng": 76.313565, "name": "St. Francis Xavier Church Parish Hall, Omanappuzha " , "serialid":10},
{ "lat": 9.53782652, "lng": 76.31716864, "name": "Sree Rajarajeswari L P S, Chettikadu" , "serialid":11}]},
{"coords": [{ "lat": 9.53830821, "lng": 76.33123175, "name": "Panchayath Community Hall Komalapuram " , "serialid":1},
{ "lat": 9.54142138, "lng": 76.34633401, "name": "AKG Cultural Center Reading Room and Library, Komalapuram East, Komalapuram" , "serialid":2},
{ "lat": 9.545159, "lng": 76.347576, "name": "SNDP Branch No 300, Aryad" , "serialid":3},
{ "lat": 9.537268, "lng": 76.3497, "name": "Aradhana Reading Room, Aradhan Junction, Charamparambu" , "serialid":4},
{ "lat": 9.53540019, "lng": 76.34196994, "name": "Bilievers Church School, Gurupuram" , "serialid":5},
{ "lat": 9.52797068, "lng": 76.34792232, "name": "New Building Chepanthara Minavirul Islam Madrasa, Komalapuram" , "serialid":6},
{ "lat": 9.54106152, "lng": 76.32739875, "name": "Valanjavazheekal Sanmargadeepika U P S, Chettikadu" , "serialid":7},
{ "lat": 9.53830821, "lng": 76.33123175, "name": "Sanmarga deepika L P S, Valanjavazeekal" , "serialid":8},
{ "lat": 9.53773038, "lng": 76.3421868, "name": "Believers H.S Thalavadi, Komalapuram " , "serialid":9},
{ "lat": 9.53773038, "lng": 76.3421868, "name": "Lutharan H S, Komalapuram" , "serialid":10}]},
{"coords": [{ "lat": 9.52436647, "lng": 76.35036338, "name": "St.Poul’s Church Auditorium Kalath Thalavadi " , "serialid":1},
{ "lat": 9.51697137, "lng": 76.32858214, "name": "Aryad C.M.S.L.P.S , Kommadi" , "serialid":2},
{ "lat": 9.52436647, "lng": 76.35036338, "name": "Govt.LPS Aryad " , "serialid":3},
{ "lat": 9.52611459, "lng": 76.33159486, "name": "Ikyabharatham S N Auditorium, Ikyabharatham" , "serialid":4},
{ "lat": 9.52436647, "lng": 76.35036338, "name": "Govt. V.H.S.S, Aryad (BEd Centre), Kottankulangara " , "serialid":5},
{ "lat": 9.51312443, "lng": 76.34392617, "name": "Govt. Town L.P.S, Avalookkunnu " , "serialid":6},
{ "lat": 9.51833234, "lng": 76.33604918, "name": "Poonthoppin bhagam Govt. U.P.S, Poonthoppu " , "serialid":7}]},
{"coords": [{ "lat": 9.513738, "lng": 76.338269, "name": "Avalukkunnu Reading Room " , "serialid":1},
{ "lat": 9.49967534, "lng": 76.32975866, "name": "St. Joseph G.H.S.S Auditorium, Vazhichery " , "serialid":2},
{ "lat": 9.502217, "lng": 76.341197, "name": "St.Michael’s LPS Thathampally " , "serialid":3},
{ "lat": 9.50134521, "lng": 76.3417256, "name": "S.D.V.G.H.S, Sanathanam " , "serialid":4},
{ "lat": 9.50252983, "lng": 76.33303014, "name": "M.M.A School Vazhichery, Room No. 2 Vazhichery " , "serialid":5},
{ "lat": 9.50134521, "lng": 76.3417756, "name": "M.M.A UPS Vazhichery" , "serialid":6},
{ "lat": 9.51328005, "lng": 76.33307335, "name": "Govt. J.B.S Polabhagam" , "serialid":7},
{ "lat": 9.5106904, "lng": 76.33460962, "name": "Tiny Tots E.M.School, Avalookkunnu" , "serialid":8},
{ "lat": 9.525392, "lng": 76.355952, "name": "SAI Centre Alappuzha" , "serialid":9},
{ "lat": 9.5029126, "lng": 76.3473805, "name": "L.P.S, Kidangamparambu, District Court " , "serialid":10},
{ "lat": 9.51016334, "lng": 76.33004816, "name": "St. Mary's Residential centre School, Poonthoppu" , "serialid":11},
{ "lat": 9.502217, "lng": 76.341197, "name": "S.D.V.G.H.S.S for Boys, Sanathanam" , "serialid":12},
{ "lat": 9.5029126, "lng": 76.3473805, "name": "St. Michaels H.S, Thathampally " , "serialid":13}]},
{"coords": [{ "lat": 9.54094935, "lng": 76.32238047, "name": "Navodaya Reading Centre & Library, Mangalam  " , "serialid":1},
{ "lat": 9.52906775, "lng": 76.32269689, "name": "SCMV UPS Chettikadu" , "serialid":2},
{ "lat": 9.52193221, "lng": 76.32605483, "name": "S N Vilasam L P S, Thumpoli" , "serialid":3},
{ "lat": 9.52047724, "lng": 76.31796492, "name": "St. Thomas H.S Thumboly " , "serialid":4}]},
{"coords": [{ "lat": 9.6828812, "lng": 76.3406537, "name": "Village Office, Kuthiyathodu" , "serialid":1},
{ "lat": 9.6828806, "lng": 76.3406615, "name": "Service Co. Op. Bank No.935, Kuthiathode" , "serialid":2},
{ "lat": 9.7843705201192, "lng": 76.3181222230196, "name": "Panchayath Community Hall, Kuthiathode." , "serialid":3},
{ "lat": 9.7810486, "lng": 76.3175949, "name": "Salafi Auditorium NCC Junction" , "serialid":4},
{ "lat": 9.7884595, "lng": 76.3180703, "name": "N.S.S. Karayogam Office No.803, Kuthiathode" , "serialid":5},
{ "lat": 9.7810486, "lng": 76.3175949, "name": "Government U.P.S. Thuravoor West" , "serialid":6},
{ "lat": 9.76590434281536, "lng": 76.3245847655871, "name": "S C Auditorium, Valamangalam" , "serialid":7},
{ "lat": 9.7567635608341, "lng": 76.3267796831614, "name": "S.N.D.P. Office No.583, Valamangalam (Vanithasamajam No-1174)" , "serialid":8},
{ "lat": 9.75873283697591, "lng": 76.3303252377373, "name": "SNGM LP School, Thirumalabhagom" , "serialid":9},
{ "lat": 9.8008163987307, "lng": 76.3140258193016, "name": "Govt. Vani Vilasam High School, Kodamthuruth" , "serialid":10},
{ "lat": 9.7980824687152, "lng": 76.3155060634017, "name": "Govt. L.P.School, Kodamthuruth" , "serialid":11},
{ "lat": 9.77499596861555, "lng": 76.3194046542048, "name": "S.C.S. H.S. Valamangalam" , "serialid":12},
{ "lat": 9.81409992466821, "lng": 76.31311886062, "name": "E.C.E.K.Union High School, Kodamthuruth" , "serialid":13},
{ "lat": 9.7666163, "lng": 76.3175908, "name": "Govt. L.P.S. Valamangalam North" , "serialid":14}]},
{"coords": [{ "lat": 9.51729834, "lng": 76.32760831, "name": "Yuvajana Vayanasala & Nisa padasala, Kommadi " , "serialid":1},
{ "lat": 9.51016334, "lng": 76.3278696, "name": "K.C Karunakaran Memorial Hall, Kalappura " , "serialid":2},
{ "lat": 9.50885651, "lng": 76.32251706, "name": "Alappuzha District Saksharatha Mission, Arattuvazhy" , "serialid":3},
{ "lat": 9.508008, "lng": 76.3196626, "name": "Love Birds Reading room Malikamukku " , "serialid":4},
{ "lat": 9.51029588, "lng": 76.32787376, "name": "Seepadam I.T.C , Kalappura " , "serialid":5},
{ "lat": 9.51231467, "lng": 76.31968525, "name": "Letterland E.M.School Malikamukku " , "serialid":6},
{ "lat": 9.49745998, "lng": 76.32040323, "name": "St. Sebastian L.P.S ,Sea View Ward " , "serialid":7},
{ "lat": 9.50226749, "lng": 76.32126791, "name": "Our Lady of Fathima L.P.S Vellappally, Kanjiramchira" , "serialid":8}]},
{"coords": [{ "lat": 9.48341529, "lng": 76.32070573, "name": "Sree Bhagavathivilasam Community Hall" , "serialid":1},
{ "lat": 9.48713408, "lng": 76.331171, "name": "Lajnathul Muhammediya H.S.S, Alappuzha " , "serialid":2},
{ "lat": 9.49179715, "lng": 76.32693851, "name": "Sree Bhagavathy Vilsam Auditorium " , "serialid":3},
{ "lat": 9.49285986965016, "lng": 76.3261795789003, "name": "Y.M.M.A.L.P.S, Zachariya Bazar" , "serialid":4},
{ "lat": 9.47895314, "lng": 76.32841639, "name": "St. Marys LPS Vattayal" , "serialid":5},
{ "lat": 9.4698111, "lng": 76.32492601, "name": "Shanmukha Vilasam L.P.S,  Vadackal" , "serialid":6},
{ "lat": 9.49179715, "lng": 76.32693851, "name": "Lejanathul Muhammediya H.S.S, Lejanath" , "serialid":7},
{ "lat": 9.47895314, "lng": 76.32841639, "name": "St. Marys H S Vattayal" , "serialid":8}]},
{"coords": [{ "lat": 9.49273048, "lng": 76.32972336, "name": "Kerala University Institute of Technology Alappuzha" , "serialid":1},
{ "lat": 9.49143131, "lng": 76.33559314, "name": "Kerala Coir Workers Welfare Fund Board District Office" , "serialid":2},
{ "lat": 9.49267068, "lng": 76.32974973, "name": "Govt. Muhammadens H.S.B.T.S , Civil Station " , "serialid":3},
{ "lat": 9.49170459, "lng": 76.3352414, "name": "Gender Park" , "serialid":4},
{ "lat": 9.49833308, "lng": 76.34476014, "name": "St. Antony, EMLPS Pazhavangady" , "serialid":5},
{ "lat": 9.49943937, "lng": 76.34852901, "name": "Matha Nursury School, Thirumala, Alappuzha " , "serialid":6},
{ "lat": 9.49089148, "lng": 76.36289618, "name": "E.D.L.P.S Pallathuruthy " , "serialid":7},
{ "lat": 9.49261863, "lng": 76.33890094, "name": "Govt. Girls H.S.S Palace Ward" , "serialid":8},
{ "lat": 9.49191496, "lng": 76.34352478, "name": "K.P Panicker Hall, Chunkam " , "serialid":9},
{ "lat": 9.5024117, "lng": 76.3405518, "name": "Kerala State Coir Machinery Manufacturing Company LTD, Chungam" , "serialid":10},
{ "lat": 9.5023702, "lng": 76.3405808, "name": "Leo Thirteenth H.S.S , Vazhichery " , "serialid":11},
{ "lat": 9.49488987, "lng": 76.33616912, "name": "Municipal Office Building , M. O Ward " , "serialid":12},
{ "lat": 9.49348024, "lng": 76.32932642, "name": "Govt. Muhammadens H.S.B.T.S, East Portion Civil Station" , "serialid":13},
{ "lat": 9.49267068, "lng": 76.32974973, "name": "Govt. Muhammadens H.S.B.T.S, Civil Station" , "serialid":14},
{ "lat": 9.49871247, "lng": 76.34470533, "name": "St.Antony Girls HS , Pazhavangady" , "serialid":15},
{ "lat": 9.49391481, "lng": 76.34371723, "name": "Mullackal C.M.S.L.P.S, Chunkam " , "serialid":16}]},
{"coords": [{ "lat": 9.47223563, "lng": 76.33534785, "name": "Temple of English, English Medium School Eravukad " , "serialid":1},
{ "lat": 9.47013698, "lng": 76.33813435, "name": "Kerala University District Centre Kalarkod, Alappuzha" , "serialid":2},
{ "lat": 9.48927966, "lng": 76.33853867, "name": "T.D.H.S.S, Thiruvambady " , "serialid":3},
{ "lat": 9.48867849, "lng": 76.3385034, "name": "Govt. T.D.J.B.S , Thiruvambady " , "serialid":4},
{ "lat": 9.46701385, "lng": 76.3412069, "name": "Govt. U.P.S. Kalarkode " , "serialid":5},
{ "lat": 9.4679069, "lng": 76.34132317, "name": "Govt. L.P.S, Kalarkodu" , "serialid":6},
{ "lat": 9.48073199, "lng": 76.34438629, "name": "Govt. U.P.S, Thiruvambadi ,Pazhaveed" , "serialid":7},
{ "lat": 9.479919, "lng": 76.34412695, "name": "H.S.S Thiruvambady, Pazhaveed" , "serialid":8},
{ "lat": 9.47430622, "lng": 76.33139829, "name": "T.K.M.M.U.P.S Kuthirapanthi" , "serialid":9}]},
{"coords": [{ "lat": 9.47241808, "lng": 76.33123396, "name": "St.Mary’s E.M.School Paravoor(St.Marys E.M.S Paravoor)" , "serialid":1},
{ "lat": 9.451209, "lng": 76.33975018, "name": "NSS Karayogam No.1416 Pathilppalam " , "serialid":2},
{ "lat": 9.46384125, "lng": 76.33976067, "name": "Ambalappuzha Block office, Kalarkod " , "serialid":3},
{ "lat": 9.451209, "lng": 76.33975018, "name": "St.Joseph H.S, Punnpra " , "serialid":4},
{ "lat": 9.45379844, "lng": 76.34493364, "name": "Govt.H.S, Paravoor " , "serialid":5}]},
{"coords": [{ "lat": 9.42439218, "lng": 76.34834242, "name": "Govt.Muslim L.P.G.S, Punnapra" , "serialid":1},
{ "lat": 9.42845154, "lng": 76.34642893, "name": "Govt.J.B.S, Punnapra " , "serialid":2},
{ "lat": 9.41590788, "lng": 76.34883755, "name": "Govt. Nursing Collegel, Vandanam" , "serialid":3},
{ "lat": 9.42747569, "lng": 76.34672984, "name": "N.S.S.U.P.S, Punnapra" , "serialid":4},
{ "lat": 9.42271113, "lng": 76.34737041, "name": "MES English Medium School, Punnapra " , "serialid":5},
{ "lat": 9.43775359, "lng": 76.3446382, "name": "Carmal Polytechnic, Alappuzha" , "serialid":6},
{ "lat": 9.41590788, "lng": 76.34883755, "name": "T.D.M.C., Vandanam.(T D M C, Vandanam)" , "serialid":7}]},
{"coords": [{ "lat": 9.42271113, "lng": 76.34737041, "name": "Vijnana pradayini Library and Reading Room Building, Punnapra" , "serialid":1},
{ "lat": 9.44801952, "lng": 76.33498208, "name": "St.Joseph L.P.S.,Poonthottam,Punnapra " , "serialid":2},
{ "lat": 9.472418, "lng": 76.3312331, "name": "Ambedkar Residential School Paravoor" , "serialid":3},
{ "lat": 9.472418, "lng": 76.3312331, "name": "St.Loord Mary U.P.S,Vadackal" , "serialid":4},
{ "lat": 9.43508468, "lng": 76.33760993, "name": "Govt.Christian Young Men's U.P.S, Punnapra" , "serialid":5},
{ "lat": 9.42564914, "lng": 76.33998782, "name": "Beach L.P.S.,Punnapra" , "serialid":6}]},
{"coords": [{ "lat": 9.3932164, "lng": 76.35346757, "name": "Government  H. S Kakkazham" , "serialid":1},
{ "lat": 9.3932164, "lng": 76.35346757, "name": "Govt.H.S Kakkazhom" , "serialid":2},
{ "lat": 9.3932164, "lng": 76.35346757, "name": "S.N.V.H.S, Kakkazham" , "serialid":3},
{ "lat": 9.3932164, "lng": 76.35346757, "name": "S.N.V.B.T.S, Kakkazham" , "serialid":4},
{ "lat": 9.40586771, "lng": 76.37879001, "name": "L.P.S, Kanjippadam " , "serialid":5},
{ "lat": 9.40258481, "lng": 76.34868105, "name": "Theeradesa L.P.S., Neerkunnam" , "serialid":6},
{ "lat": 9.40904563, "lng": 76.35066079, "name": "Sreedevi vilasam Govt.U.P.S, Neerkkunnam" , "serialid":7}]},
{"coords": [{ "lat": 9.38245435, "lng": 76.36999803, "name": "Govt.L.P.S, Ambalappuzha " , "serialid":1},
{ "lat": 9.38187289, "lng": 76.37366888, "name": "Govt.L.P.S, Amayida " , "serialid":2},
{ "lat": 9.38688915, "lng": 76.36347929, "name": "S.N.  L.P.S Kattakuzhy" , "serialid":3},
{ "lat": 9.38330061, "lng": 76.36732668, "name": "Govt.Model High school,Ambalappuzha" , "serialid":4},
{ "lat": 9.38688915, "lng": 76.36347929, "name": "K.K.M.L.P.S, Komana" , "serialid":5}]},
{"coords": [{ "lat": 9.38917388, "lng": 76.41771321, "name": "Govt.U.P.S.,Chirayakam." , "serialid":1},
{ "lat": 9.38196084, "lng": 76.42455187, "name": "Govt.L.P.S., Thennadi" , "serialid":2},
{ "lat": 9.38346686, "lng": 76.38733558, "name": "P.W.D. Asst.Engineer office, Karumadi" , "serialid":3},
{ "lat": 9.38058599, "lng": 76.39481768, "name": "Govt H.S . ,Karumadi." , "serialid":4},
{ "lat": 9.3622516, "lng": 76.41152848, "name": "Holly family L.P.S., Kunnumma." , "serialid":5},
{ "lat": 9.3734696, "lng": 76.41065524, "name": "Thakazhy Sivasankara Pillai Smaraka Govt.U.P.S, Thakazhy." , "serialid":6},
{ "lat": 9.38732077, "lng": 76.38714143, "name": "St.Nichlos L.P.S., Karumadi" , "serialid":7}]},
{"coords": [{ "lat": 9.81139896768147, "lng": 76.2996952188434, "name": "S.N.D.P. Branch No.529 Office, Ezhupunna South" , "serialid":1},
{ "lat": 9.78755885804904, "lng": 76.3089098408818, "name": "Vanitha Samajam Office, Thazhuppu" , "serialid":2},
{ "lat": 9.7666171, "lng": 76.3175908, "name": "Sree Bhadra Sadhyalayam, SNDP Sreemahadevi Temple Thuravoor" , "serialid":3},
{ "lat": 9.75743296032399, "lng": 76.318424996431, "name": "Panchayath Office, Thuravoor" , "serialid":4},
{ "lat": 9.76095586941172, "lng": 76.3176226810896, "name": "Sanjoe Sadan Special School, Thuravoor" , "serialid":5},
{ "lat": 9.4983557735961, "lng": 76.3447634734978, "name": "St.Antonys Govt. L.P.S. Ezhupunna" , "serialid":6},
{ "lat": 9.7666161, "lng": 76.317591, "name": "Panchayath LPS, Thuravoor" , "serialid":7},
{ "lat": 9.8150342, "lng": 76.2996351, "name": "Amala Public School Ezhupunna South" , "serialid":8},
{ "lat": 9.79797740606082, "lng": 76.3013118132949, "name": "Changaram Govt. U.P.School, Ezhupunna" , "serialid":9},
{ "lat": 9.78119933252082, "lng": 76.3048248365521, "name": "Govt. U.P.S. Parayakadu" , "serialid":10}]},
{"coords": [{ "lat": 9.35610781, "lng": 76.36453634, "name": "Arabi Said Memmorial L.P.S ,Purakkad" , "serialid":1},
{ "lat": 9.31817844, "lng": 76.3803139, "name": "Office of the  A.E, Harbour Engineering, Thottappally" , "serialid":2},
{ "lat": 9.35457238, "lng": 76.36630096, "name": "L.F.L.P.S , Purakkad" , "serialid":3},
{ "lat": 9.34662649, "lng": 76.36832619, "name": "S.V.D. U.P.S, Purakad " , "serialid":4},
{ "lat": 9.33462902, "lng": 76.3731823, "name": "Vyasa Auditorium Punthala, Purakkad " , "serialid":5},
{ "lat": 9.33462902, "lng": 76.3731823, "name": "Anandeswaram L.P.S, Thottappally" , "serialid":6},
{ "lat": 9.31967001, "lng": 76.38491155, "name": "Naluchira Govt.U.P.S. Thottappally " , "serialid":7}]},
{"coords": [{ "lat": 9.36393278, "lng": 76.36172707, "name": "Akhila Kerala Dheevara Sabha Br.no 57 building, Karoor" , "serialid":1},
{ "lat": 9.3766092, "lng": 76.36719036, "name": "Govt.L.P.S, Karoor" , "serialid":2},
{ "lat": 9.38836223, "lng": 76.35314017, "name": "Al-Ameen Central School, Kakkazham" , "serialid":3},
{ "lat": 9.38375811, "lng": 76.3548941, "name": "KKMLPS, Komana" , "serialid":4},
{ "lat": 9.36824179, "lng": 76.36075029, "name": "New L.P.S, Karoor" , "serialid":5}]},
{"coords": [{ "lat": 9.48124256, "lng": 76.38771305, "name": "St.Mary's H.S, Kainakary." , "serialid":1},
{ "lat": 9.46779356, "lng": 76.39816565, "name": "Govt.U.P.S., Thottukadav ,Chennamkary." , "serialid":2},
{ "lat": 9.44721232, "lng": 76.39719452, "name": "Devamatha H.S, Chennamkary." , "serialid":3}]},
{"coords": [{ "lat": 9.42625232, "lng": 76.38495525, "name": "Govt.U.P.S., Nedumudy south, Chembumpuram." , "serialid":1},
{ "lat": 9.47687664, "lng": 76.38699392, "name": "Holly family G.H.S.,, Kainakary." , "serialid":2},
{ "lat": 9.47042569, "lng": 76.37576659, "name": "Govt.U.P.S.Kainakary., Thottuvathala." , "serialid":3},
{ "lat": 9.44262722, "lng": 76.39805088, "name": "Govt Lower Primary School, Ponga North Bldng East Portion" , "serialid":4},
{ "lat": 9.42612694, "lng": 76.38494786, "name": "Govt.L.P.S., Chembupuram" , "serialid":5}]},
{"coords": [{ "lat": 9.40779419, "lng": 76.48985243, "name": "Govt.L.P.S.,Vaisyambhagam." , "serialid":1},
{ "lat": 9.40851364, "lng": 76.48985243, "name": "Bishop Benevanthara Memmorial H.S.,Vaisyambhagam." , "serialid":2},
{ "lat": 9.42909632, "lng": 76.40399634, "name": "Govt.Nair Samajam L.P.S., Nedumudy" , "serialid":3},
{ "lat": 9.41540279, "lng": 76.40838511, "name": "St.Thomas U.P.S., Chambakkulam." , "serialid":4},
{ "lat": 9.402207351238, "lng": 76.411, "name": "Panchayath office , Nedumudy." , "serialid":5},
{ "lat": 9.40885451, "lng": 76.41022651, "name": "St.Mary's L.P.S.,Chambakkulam." , "serialid":6},
{ "lat": 9.39525222, "lng": 76.42271185, "name": "N.S.S.Karayogam Hall, Pullamgady" , "serialid":7},
{ "lat": 9.42948452, "lng": 76.40400035, "name": "Nair Samajam H.S.S., Nedumudy." , "serialid":8},
{ "lat": 9.40936544, "lng": 76.41064235, "name": "St.Mary's H.S.S.,Chambakkulam." , "serialid":9}]},
{"coords": [{ "lat": 9.41435372, "lng": 76.41566353, "name": "Sacret Heart Upper Primary School, Amichakary" , "serialid":1},
{ "lat": 9.40885451, "lng": 76.41022651, "name": "Govt. Lower Primary School, Champakulam" , "serialid":2},
{ "lat": 9.4397163, "lng": 76.40889975, "name": "Govt. Lower Primary School, Attuvathala" , "serialid":3},
{ "lat": 9.39554045, "lng": 76.42926902, "name": "Devi Vilasam High School, Kandamkary" , "serialid":4}]},
{"coords": [{ "lat": 9.42277045, "lng": 76.4969085, "name": "S.N.D.P YOGAM HALL, KIDANGARA" , "serialid":5},
{ "lat": 9.43365567, "lng": 76.4769451, "name": "Veliyanadu Govt. Lower Primary School, Veliyanadu" , "serialid":6},
{ "lat": 9.45878231, "lng": 76.46721132, "name": "Govt. Lower Primary School, Veliyanadu North" , "serialid":7},
{ "lat": 9.42559644, "lng": 76.49340092, "name": "Govt High School, Kidangara" , "serialid":8},
{ "lat": 9.43550405, "lng": 76.48493645, "name": "Govt. Lower Primary School, Kunnankary" , "serialid":9},
{ "lat": 9.44516721, "lng": 76.46793751, "name": "N.S.S. High School Veliyanadu" , "serialid":10},
{ "lat": 9.44345097, "lng": 76.46931651, "name": "Govt. Lower Primary School, Veliyanadu" , "serialid":11}]},
{"coords": [{ "lat": 9.40388001, "lng": 76.46864001, "name": "Parish Hall, St. Xaviers Church, Puthukary" , "serialid":1},
{ "lat": 9.40868649, "lng": 76.46747315, "name": "Govt. Lower Primary School, Mithrakary West" , "serialid":2},
{ "lat": 9.40257271, "lng": 76.47951319, "name": "Govt. Lower Primary School, Mithrakary East" , "serialid":3},
{ "lat": 9.40264391, "lng": 76.50660887, "name": "Govt. Upper Primary School, Muttar" , "serialid":4},
{ "lat": 9.38880921, "lng": 76.51147672, "name": "St.George High School, Muttar" , "serialid":5}]},
{"coords": [{ "lat": 9.41028132, "lng": 76.464947, "name": "Public Library & Reading Room, Oorukary" , "serialid":1},
{ "lat": 9.42925642, "lng": 76.46665342, "name": "Govt. LPS, Ramankary" , "serialid":2},
{ "lat": 9.42544194, "lng": 76.47380703, "name": "Fr. Philipose Memorial Lower Primary School. Mampuzhakary" , "serialid":3},
{ "lat": 9.42135938, "lng": 76.46589262, "name": "Govt. Upper Primary School, Vezhapra" , "serialid":4},
{ "lat": 9.4190022, "lng": 76.4619657, "name": "Govt. Lower Primary Girls School, Vezhapra" , "serialid":5}]},
{"coords": [{ "lat": 9.48581066, "lng": 76.40214956, "name": "Govt.S.N.D.P.L.P.S., Chennamkary." , "serialid":1},
{ "lat": 9.4919388, "lng": 76.3916688, "name": "S.N.D.P.H.S.,Kuttamangalam." , "serialid":2}]},
{"coords": [{ "lat": 9.752067, "lng": 76.2911739, "name": "Govt. LPS Manakodam" , "serialid":3},
{ "lat": 9.7752465, "lng": 76.2805094, "name": "St.Sebastian H.S. Pallithode" , "serialid":4},
{ "lat": 9.7666164, "lng": 76.3175909, "name": "St.Thomas .L.P.S, Pallithode" , "serialid":5},
{ "lat": 9.7783782468666, "lng": 76.2812023826154, "name": "Govt. L.P.S. Manakkodam" , "serialid":6},
{ "lat": 9.71889149717305, "lng": 76.301795616746, "name": "Thirumala Devaswam High School" , "serialid":7},
{ "lat": 9.7666169, "lng": 76.3175911, "name": "Pattom L.F.M.L.P.S. Manakkodam" , "serialid":8}]},
{"coords": [{ "lat": 9.49885235, "lng": 76.38212456, "name": "K.E.Carmel English Medium School, Kainakary" , "serialid":1},
{ "lat": 9.50231689, "lng": 76.3691816, "name": "Govt .H.S., Kuppappuram, Kainakary." , "serialid":2}]},
{"coords": [{ "lat": 9.48019817, "lng": 76.45637681, "name": "C.M.S.Lower Primary School, Kunnumma" , "serialid":1},
{ "lat": 9.47205714, "lng": 76.45628042, "name": "Little Flower High School, Kunnumma" , "serialid":2},
{ "lat": 9.46121076, "lng": 76.44922605, "name": "Govt. Upper Primary School, Kannady" , "serialid":3},
{ "lat": 9.45666641, "lng": 76.43205402, "name": "St. Joseph's Upper Primary School, Kayalpuram" , "serialid":4},
{ "lat": 9.46679356, "lng": 76.44413141, "name": "Sacret Heart Upper Primary School, Kannady" , "serialid":5}]},
{"coords": [{ "lat": 9.44218627293123, "lng": 76.421440243721, "name": "Govt. Lower Primary School, Mancompu" , "serialid":1},
{ "lat": 9.44250227, "lng": 76.42125383, "name": "AVITTAM THIRUNAL HIGH SCHOOL MONCOMBU" , "serialid":2},
{ "lat": 9.4507724, "lng": 76.44090124, "name": "Govt. Lower Primary School, Pulincunnoo" , "serialid":3},
{ "lat": 9.45652982, "lng": 76.43205392, "name": "St. Joseph High School, Pulincunnoo" , "serialid":4},
{ "lat": 9.4515309, "lng": 76.41558225, "name": "Govt. Upper Primary School, Chathurthyakary" , "serialid":5}]},
{"coords": [{ "lat": 9.4317969, "lng": 76.42147652, "name": "ST JHONES LOWER PRIMERY SCHOOL THEKKEKARA" , "serialid":1},
{ "lat": 9.4325446, "lng": 76.46878645, "name": "St.Mary's Lower Primary School, Manalady" , "serialid":2},
{ "lat": 9.4302416, "lng": 76.42758682, "name": "Govt. High School, Thekkekara" , "serialid":3},
{ "lat": 9.4422576, "lng": 76.44406883, "name": "Mary Matha Lower Primary School, Punnakunnathussery" , "serialid":4}]},
{"coords": [{ "lat": 9.45863307, "lng": 76.49673047, "name": "Dewasom Upper Primary School, Kumarankary" , "serialid":1},
{ "lat": 9.45731086, "lng": 76.49563068, "name": "Govt. Lower Primary School, Kumarankary" , "serialid":2},
{ "lat": 9.49388596, "lng": 76.5059012, "name": "Govt. Lower Primary School, Neelamperoor" , "serialid":3},
{ "lat": 9.48077459, "lng": 76.49754682, "name": "N.S.S.High School Eara" , "serialid":4},
{ "lat": 9.47488231, "lng": 76.47458532, "name": "Bhagavathi Vilasam UPS, Narakathara" , "serialid":5},
{ "lat": 9.46923826, "lng": 76.48110995, "name": "Govt. Upper Primary School Narakathara  " , "serialid":6}]},
{"coords": [{ "lat": 9.47790336, "lng": 76.45472858, "name": "Govt. Upper Primary School, Kavalam" , "serialid":1},
{ "lat": 9.49375674, "lng": 76.4707773, "name": "A.J.John Memorial High School, Kainady" , "serialid":2},
{ "lat": 9.48894619, "lng": 76.45332232, "name": "New St.Theresas Lower Primary School, North Kavalam" , "serialid":3},
{ "lat": 9.49290523, "lng": 76.46778799, "name": "S.N.D.P Upper Primary School, Cherukara" , "serialid":4},
{ "lat": 9.47588696, "lng": 76.45681258, "name": "N.S.S.High School Kavalam" , "serialid":5}]},
{"coords": [{ "lat": 9.36092934, "lng": 76.48641137, "name": "C.M.S.High School Anaprambal South, Kunthirickal" , "serialid":1},
{ "lat": 9.37345055, "lng": 76.51183383, "name": "Titus Marthoma High School Neerettupuram" , "serialid":2},
{ "lat": 9.38475466, "lng": 76.50100804, "name": "Govt Lower Primary School, Karikuzhy" , "serialid":3},
{ "lat": 9.36819214, "lng": 76.50884192, "name": "Govt. New Lower Primary School, Thalavady" , "serialid":4},
{ "lat": 9.36379907, "lng": 76.49367439, "name": "Govt. Lower Primary School, Anaprampbal" , "serialid":5},
{ "lat": 9.36457372, "lng": 76.49997938, "name": "Govt. High School, Thalavady" , "serialid":6},
{ "lat": 9.36613518, "lng": 76.50467497, "name": "Govt. Model Upper Primary School, Thalavady" , "serialid":7}]},
{"coords": [{ "lat": 9.35191456, "lng": 76.48627603, "name": "Go. Chethipurackal Lower Primary School, Anaprambal South" , "serialid":1},
{ "lat": 9.40789393, "lng": 76.45499693, "name": "Govt. High School, Koduppunna" , "serialid":2},
{ "lat": 9.37795793, "lng": 76.45363451, "name": "Dewasom Board Upper Primary School, Changankary" , "serialid":3},
{ "lat": 9.37139444, "lng": 76.48589319, "name": "M.T.Lower Primary School Anaprambal" , "serialid":4},
{ "lat": 9.35369219, "lng": 76.47854345, "name": "Sreemoolam Shastabdyapoorthi Memorial Lower Primary School, Pandankary" , "serialid":5},
{ "lat": 9.39016936, "lng": 76.44856173, "name": "St. Antony's Lower Primary School Thayankary" , "serialid":6},
{ "lat": 9.36605053, "lng": 76.47465862, "name": "St. Alosious School, Edathua" , "serialid":7}]},
{"coords": [{ "lat": 9.36325009, "lng": 76.45093677, "name": "Lourd Matha High School, Pacha" , "serialid":1},
{ "lat": 9.36175209, "lng": 76.47659642, "name": "St. Alosious College, Edathua" , "serialid":2},
{ "lat": 9.36007595, "lng": 76.4671213, "name": "Govt. Lower Primary School, Kozhimukku" , "serialid":3},
{ "lat": 9.36565116, "lng": 76.42418329, "name": "Kelamangalam L.P.S.,Kelamangalam." , "serialid":4},
{ "lat": 9.36309542, "lng": 76.45045938, "name": "St. Xaviers Upper Primary School, Pacha" , "serialid":5}]},
{"coords": [{ "lat": 9.28200458, "lng": 76.53100841, "name": "Mahathma H S S, Chennithala " , "serialid":1},
{ "lat": 9.26529969, "lng": 76.5336421, "name": "Changavila L P S, Cherukole" , "serialid":2},
{ "lat": 9.27926534, "lng": 76.55394502, "name": "Govt.K V V Junior Basic School, Gramam" , "serialid":3},
{ "lat": 9.26703006, "lng": 76.54910665, "name": "Holy Infant Jesus U P S, Ulunthy" , "serialid":4},
{ "lat": 9.28217091, "lng": 76.53049985, "name": "GLPS Vettathuvila" , "serialid":5},
{ "lat": 9.27503196, "lng": 76.54600256, "name": "Govt. LPS, Chennithala" , "serialid":6},
{ "lat": 9.2687413, "lng": 76.53910914, "name": "Govt. U P S, Cherukole" , "serialid":7},
{ "lat": 9.27966187, "lng": 76.5624357, "name": "Govt.U P S,Peringilippuram  " , "serialid":8}]},
{"coords": [{ "lat": 9.67602669854014, "lng": 76.3006860218222, "name": "Desabhimani Vayanasala Reg No 4405, Viyathra Azheekal" , "serialid":1},
{ "lat": 9.73010263759872, "lng": 76.2903593480587, "name": "SNDP Building No. 738, Vettackal" , "serialid":2},
{ "lat": 9.7170858, "lng": 76.3163605, "name": "Bharathy Vilasam L.P.School, Pattanakkad" , "serialid":3},
{ "lat": 9.74554732865184, "lng": 76.2866287305951, "name": "Bishop Bento Memorial L.P.S Azheekkal" , "serialid":4},
{ "lat": 9.73482973598277, "lng": 76.3180115818977, "name": "Govt. L.P.School, Pattanakkad" , "serialid":5}]},
{"coords": [{ "lat": 9.27265407, "lng": 76.5129407, "name": "Harijenodharani LPS, Thripperumthura" , "serialid":1},
{ "lat": 9.31848318, "lng": 76.61401747, "name": "Govt.L P S, Thekkummuri" , "serialid":2},
{ "lat": 9.29583679, "lng": 76.5242131, "name": "M D L P S, Eramathur " , "serialid":3},
{ "lat": 9.28111873, "lng": 76.52581787, "name": "Kalarickal Govt.L P S" , "serialid":4},
{ "lat": 9.28746735, "lng": 76.52514057, "name": "Govt. U P S, Thripperumthara" , "serialid":5}]},
{"coords": [{ "lat": 9.30240089, "lng": 76.53303876, "name": "M S C L P S, Oottuparampu " , "serialid":1},
{ "lat": 9.28721427, "lng": 76.53992477, "name": "Govt.L P S, Chenkilathu " , "serialid":2},
{ "lat": 9.30240012, "lng": 76.53303721, "name": "Sree Karthyayani Vilasom High School,Kuttemperoor " , "serialid":3},
{ "lat": 9.29979968, "lng": 76.54311696, "name": "U P S, Kuttemperoor " , "serialid":4},
{ "lat": 9.29279368, "lng": 76.55461144, "name": "Govt UPS Ennackadu" , "serialid":5},
{ "lat": 9.3114192, "lng": 76.56411898, "name": "Govt.H S S, Budhanoor" , "serialid":6}]},
{"coords": [{ "lat": 9.32331709, "lng": 76.50617625, "name": "Melppadam Church Mission L P S ,Pavukkara " , "serialid":1},
{ "lat": 9.3239731, "lng": 76.5213485, "name": "St Thomas Orthodox church Parish Hall Pavukara " , "serialid":2},
{ "lat": 9.30990424, "lng": 76.53433179, "name": "Junior Basic School, Mannar" , "serialid":3},
{ "lat": 9.30917353, "lng": 76.54774217, "name": "Mannar S M D L P S, Kuttamperoor" , "serialid":4},
{ "lat": 9.32397231, "lng": 76.52137555, "name": "Mar Dianesious L P S ,Pavukkara " , "serialid":5},
{ "lat": 9.32191757, "lng": 76.52860057, "name": "Karayogam U P S, Pavukkara  " , "serialid":6},
{ "lat": 9.31149684, "lng": 76.53901428, "name": "East Welfare Govt. LPS, Kurattikkattu" , "serialid":7},
{ "lat": 9.31412808, "lng": 76.5335347, "name": "Nair Samajam H S S, Mannar" , "serialid":8},
{ "lat": 9.3134688, "lng": 76.5423229, "name": "Sree Bhuvaneswari English Medium School, Kurattikkadu " , "serialid":9}]},
{"coords": [{ "lat": 9.31848315, "lng": 76.6140172, "name": "NSS Karayogam, Elanjimel " , "serialid":1},
{ "lat": 9.27645912, "lng": 76.56695614, "name": "Junior Basic School, Thonakkad" , "serialid":2},
{ "lat": 9.28389512, "lng": 76.5915555, "name": "Sree Narayana Vilasom U P S, Thuruthimel" , "serialid":3},
{ "lat": 9.2753553, "lng": 76.5877024, "name": "J B S, Cheriyanad" , "serialid":4},
{ "lat": 9.27365343, "lng": 76.5872784, "name": "Sree Vijayeswari G H S, Cheriyanad" , "serialid":5},
{ "lat": 9.27734078, "lng": 76.58433691, "name": "Devaswom Board High School, Cheriyanad" , "serialid":6}]},
{"coords": [{ "lat": 9.30242028, "lng": 76.61329649, "name": "Mount Carmel UPS Thinkalamuttam" , "serialid":1},
{ "lat": 9.30176576, "lng": 76.58270153, "name": "Block Development Office, Puliyoor" , "serialid":2},
{ "lat": 9.30982108, "lng": 76.60034657, "name": "Govt. U P School, Perisserry" , "serialid":3},
{ "lat": 9.30147141, "lng": 76.58654503, "name": "Govt.High School, Puliyoor" , "serialid":4}]},
{"coords": [{ "lat": 9.28627246, "lng": 76.60833967, "name": "Panchayath Office, Ala" , "serialid":1},
{ "lat": 9.26358801, "lng": 76.63851476, "name": "Church Mission L.P.S Kozhuvalloor" , "serialid":2},
{ "lat": 9.28543374, "lng": 76.60289628, "name": "S N U P School, Neduvaramcodu" , "serialid":3},
{ "lat": 9.28102003, "lng": 76.61527665, "name": "N S S Karayoga Mandiram, Pennukkara South" , "serialid":4},
{ "lat": 9.25676509, "lng": 76.64038481, "name": "S N D P L.P.S Kozhuvalloor" , "serialid":5},
{ "lat": 9.29475596, "lng": 76.60358626, "name": "Govt. Higher Secondary School, Ala" , "serialid":6},
{ "lat": 9.28720258, "lng": 76.61578123, "name": "Govt.U P S, Pennukkara" , "serialid":7}]},
{"coords": [{ "lat": 9.29307083, "lng": 76.64858249, "name": "Govt. L.P.S Mulakuzha" , "serialid":1},
{ "lat": 9.28664544, "lng": 76.65944981, "name": "K.V L.P School Karakkad" , "serialid":2},
{ "lat": 9.28755837, "lng": 76.62851461, "name": "Sreedharavilasam Govt L.P.S Peringala" , "serialid":3},
{ "lat": 9.28657341, "lng": 76.65443529, "name": "S N D P Govt. L.P.S Karackadu" , "serialid":4},
{ "lat": 9.27550248, "lng": 76.64911807, "name": "S N D P U P S Areekara" , "serialid":5},
{ "lat": 9.2738911, "lng": 76.65534717, "name": "Sreehariharavilasam H S Karackadu" , "serialid":6},
{ "lat": 9.294057, "lng": 76.64823336, "name": "Govt V H S S Mulakuzha" , "serialid":7}]},
{"coords": [{ "lat": 9.32114026, "lng": 76.62380322, "name": "Sree Chithira Vilasom Training School,Angadickal" , "serialid":1},
{ "lat": 9.31993115, "lng": 76.61622555, "name": "JBS Keezhcherimel  " , "serialid":2},
{ "lat": 9.32506545, "lng": 76.63175872, "name": "Govt.Upper Primary School Puthencavu" , "serialid":3},
{ "lat": 9.3012406, "lng": 76.62743437, "name": "Govt.HSS, Angadickal South" , "serialid":4},
{ "lat": 9.30724793, "lng": 76.64116238, "name": "M.D L.P.S Piralasseri" , "serialid":5},
{ "lat": 9.30678772, "lng": 76.64129697, "name": "L.P.S Piralasseri" , "serialid":6},
{ "lat": 9.31863785, "lng": 76.61835235, "name": "Vocational Higher secondary School For Girls, Thittamel" , "serialid":7}]},
{"coords": [{ "lat": 9.32893798, "lng": 76.60743998, "name": "J B S Mundancavu" , "serialid":1},
{ "lat": 9.33305892, "lng": 76.62658893, "name": "Junior Basic School, Mangalam" , "serialid":2},
{ "lat": 9.33586782, "lng": 76.63590687, "name": "Junior Basic School, Edanad" , "serialid":3},
{ "lat": 9.318483, "lng": 76.614017, "name": "Govt.U P Girls School,Kizhakkenada, Chengannur" , "serialid":4},
{ "lat": 9.34562766, "lng": 76.59670628, "name": "U.P.S Mazhukeer" , "serialid":5},
{ "lat": 9.33542533, "lng": 76.60506153, "name": "V.H.S.S Kallissery" , "serialid":6}]},
{"coords": [{ "lat": 9.3390192, "lng": 76.56968212, "name": "Govt.Junior Basic School, Pandanad" , "serialid":1},
{ "lat": 9.32426897, "lng": 76.58546447, "name": "Prayar Devivilasom, N S S Karayogam Hall " , "serialid":2},
{ "lat": 9.32691472, "lng": 76.58539321, "name": "Jerusalam Marthoma Church Hall, Prayar" , "serialid":3},
{ "lat": 9.32684332, "lng": 76.57381693, "name": "Homeo Hospital, Ellimala, Pandanad" , "serialid":4},
{ "lat": 9.32547525, "lng": 76.57774852, "name": "Junior Basic School, Keezhvanmazhi" , "serialid":5},
{ "lat": 9.34727662, "lng": 76.55627325, "name": "Hindu Upper Primary School Eramallikara" , "serialid":6},
{ "lat": 9.34497334, "lng": 76.57709537, "name": "Govt.LPS, Thiruvanvandoor" , "serialid":7},
{ "lat": 9.32499871, "lng": 76.58224043, "name": "Swami Vivekanda H S, Vanmazhy" , "serialid":8},
{ "lat": 9.34310147, "lng": 76.57765263, "name": "Govt.HS, Thiruvanvandoor" , "serialid":9}]},
{"coords": [{ "lat": 9.7171049, "lng": 76.3163395, "name": "No. 1812 Service Co-Operative Bank Ltd., Vettackal" , "serialid":1},
{ "lat": 9.72616096958284, "lng": 76.297691501677, "name": "Vanitha Samajam Community Hall Vettakkal" , "serialid":2},
{ "lat": 9.7282594, "lng": 76.2989876, "name": "Chithrodayam Vayanasala Vettakkal" , "serialid":3},
{ "lat": 9.7171046, "lng": 76.3163416, "name": "S.N.D.P Br.No:748, PATTANAKKAD" , "serialid":4},
{ "lat": 9.7170941, "lng": 76.3163415, "name": "Cherthala Co. Op. Union Govt. H.S., Pattanakkad" , "serialid":5},
{ "lat": 9.72460463586718, "lng": 76.3022962501845, "name": "Govt. L.P.S. Konattusserry" , "serialid":6},
{ "lat": 9.71678907734304, "lng": 76.3164146617055, "name": "Govt. U.P.School Uzhuva" , "serialid":7},
{ "lat": 9.726965, "lng": 76.3094417, "name": "St.Josephs L.P.School, Kunnumpuram" , "serialid":8}]},
{"coords": [{ "lat": 9.24727101, "lng": 76.61728879, "name": "Marthoma H S Venmony" , "serialid":1},
{ "lat": 9.24306429, "lng": 76.61260545, "name": "Thachamppalli L P S , Venmony" , "serialid":2},
{ "lat": 9.24757623, "lng": 76.61595761, "name": "Junior Basic School, Kalyathra" , "serialid":3},
{ "lat": 9.23421816, "lng": 76.62293086, "name": "Lohia Memmorial H S, Venmony" , "serialid":4},
{ "lat": 9.25241207, "lng": 76.60140115, "name": "Junior Basic School, Cheruvalloor" , "serialid":5},
{ "lat": 9.25360589, "lng": 76.58573391, "name": "C M S L P S, Kollakadavu" , "serialid":6},
{ "lat": 9.25646666, "lng": 76.59419283, "name": "Govt.Mohammaden's U P S Kollakadavu" , "serialid":7}]},
{"coords": [{ "lat": 9.27784451, "lng": 76.6164641, "name": "Panchayath Community Hall, Venmony" , "serialid":1},
{ "lat": 9.24741717, "lng": 76.65511645, "name": "S N D P L P S, Punthala Eram" , "serialid":2},
{ "lat": 9.24377169, "lng": 76.65182441, "name": "Balakrishna Vilasom N S S U P S Punthala Eram" , "serialid":3},
{ "lat": 9.24048984, "lng": 76.64749296, "name": "Junior Basic School, Punthala Eram" , "serialid":4},
{ "lat": 9.23771825, "lng": 76.646751, "name": "Marthoma L P S, Punthala" , "serialid":5},
{ "lat": 9.26962363, "lng": 76.61299031, "name": "C M S U P S ,Pennukkara, Kodukulanji" , "serialid":6},
{ "lat": 9.26168339, "lng": 76.61511162, "name": "L P S Venmony Thazham" , "serialid":7},
{ "lat": 9.26316888, "lng": 76.63198453, "name": "Salem U P S, Kodukulanji Karode" , "serialid":8}]},
{"coords": [{ "lat": 9.2384351, "lng": 76.5043976, "name": "M S C L P S, Kadavoor" , "serialid":1},
{ "lat": 9.26243965, "lng": 76.5208664, "name": "Mattom north L P S" , "serialid":2},
{ "lat": 9.24139282, "lng": 76.51981975, "name": "Govt . UP Girls School, Kannamangalam" , "serialid":3},
{ "lat": 9.25433298, "lng": 76.51509636, "name": "Govt. U P S ,Anjilipra" , "serialid":4},
{ "lat": 9.23345352, "lng": 76.51645516, "name": "H S Chettikulangara" , "serialid":5},
{ "lat": 9.23924105, "lng": 76.51425768, "name": "Govt. L P S, Pela" , "serialid":6}]},
{"coords": [{ "lat": 9.226944, "lng": 76.514722, "name": "St. Androos Marthoma Church Parish Hall, Kannamangalam" , "serialid":1},
{ "lat": 9.22098373, "lng": 76.50206578, "name": "U P S ,Kannamangalam south" , "serialid":2},
{ "lat": 9.229395, "lng": 76.5093317, "name": "L P S Kannamangalam" , "serialid":3},
{ "lat": 9.22108347, "lng": 76.51216453, "name": "L P S ,Kaitha south" , "serialid":4},
{ "lat": 9.2571466, "lng": 76.53270036, "name": "UPS Kandiyoor" , "serialid":5},
{ "lat": 9.2564712, "lng": 76.54311898, "name": "Bishop Hodges HSS Mavelikara" , "serialid":6},
{ "lat": 9.25058005, "lng": 76.52898549, "name": "G UPS Kandiyoor" , "serialid":7}]},
{"coords": [{ "lat": 9.2531674, "lng": 76.54536118, "name": "Govt. L P S, Puthiyakavu" , "serialid":1},
{ "lat": 9.24263449, "lng": 76.54941661, "name": "Sniet ITI Mavelikara, East Building" , "serialid":2},
{ "lat": 9.24032323, "lng": 76.54533051, "name": "KSRTC Regional Workshop" , "serialid":3},
{ "lat": 9.23455807, "lng": 76.54378379, "name": "I T C Umbernadu" , "serialid":4},
{ "lat": 9.230887, "lng": 76.529896, "name": "Onattukara Vellala Sangam, KVMS Br.No.60 Office Building,Erezha north." , "serialid":5},
{ "lat": 9.24403225, "lng": 76.52070681, "name": "St. Johns HS Mattom" , "serialid":6},
{ "lat": 9.2504913, "lng": 76.52882345, "name": "Govt.Model Boys VHSS Mavelikara" , "serialid":7},
{ "lat": 9.24328647, "lng": 76.53831372, "name": "Govt LPS-Girls mavelikara" , "serialid":8},
{ "lat": 9.25737747, "lng": 76.55371179, "name": "Malankara Syrian Seminari H S " , "serialid":9},
{ "lat": 9.23007923, "lng": 76.53248671, "name": "S M R LPS Ponakam" , "serialid":10},
{ "lat": 9.24522295, "lng": 76.54050916, "name": "Mavelikara TTI LPS " , "serialid":11}]},
{"coords": [{ "lat": 9.26784409, "lng": 76.56400433, "name": "Viswakarma U P School, Vazhuvadi" , "serialid":1},
{ "lat": 9.25738794, "lng": 76.5746272, "name": "L P School Kunnam" , "serialid":2},
{ "lat": 9.26237005, "lng": 76.55531637, "name": "L P Girls School Vazhuvadi  " , "serialid":3},
{ "lat": 9.25528977, "lng": 76.56013508, "name": "A . V Sanskrit L P School Thazhakara" , "serialid":4},
{ "lat": 9.24160923, "lng": 76.55543008, "name": "Bishop Moor College Mavelikara " , "serialid":5},
{ "lat": 9.24090084, "lng": 76.55469253, "name": "C M S L P S Kallumala  " , "serialid":6},
{ "lat": 9.24474105, "lng": 76.57657603, "name": "Govt. L P S Eravankara  " , "serialid":7},
{ "lat": 9.25628239, "lng": 76.57650454, "name": "Govt H S S, Kunnam  " , "serialid":8}]},
{"coords": [{ "lat": 9.23591858, "lng": 76.58846136, "name": "Panchayathu Office Thazakkara" , "serialid":1},
{ "lat": 9.24353284, "lng": 76.58428711, "name": "New L P S Kallimel " , "serialid":2},
{ "lat": 9.2294433, "lng": 76.57865749, "name": "U P S Arunoottimangalam " , "serialid":3},
{ "lat": 9.2199498, "lng": 76.54643569, "name": "Govt. LPS, Mullikulangara" , "serialid":4},
{ "lat": 9.21983965, "lng": 76.5390192, "name": "Tharayil LPS, Pallarimangalam  " , "serialid":5}]},
{"coords": [{ "lat": 9.1902823, "lng": 76.5462767, "name": "Naduvilemuri LPS ,Naduvilemuri" , "serialid":1},
{ "lat": 9.176465, "lng": 76.552281, "name": "CMS HS, Kattanam" , "serialid":2},
{ "lat": 9.1761562, "lng": 76.5378238, "name": "CMS LPS,Manjadithara" , "serialid":3},
{ "lat": 9.1813086, "lng": 76.5623085, "name": "Govt. U P S, Bharanicavu" , "serialid":4},
{ "lat": 9.1786911, "lng": 76.5446274, "name": "Pallickal Naduvilemuri Govt LPS" , "serialid":5},
{ "lat": 9.1761713, "lng": 76.5681752, "name": "Pop Pius HSS 11, Kattanam" , "serialid":6}]},
{"coords": [{ "lat": 9.23133876, "lng": 76.59855257, "name": "Govt L P S Vettiyar North Building" , "serialid":1},
{ "lat": 9.23163138, "lng": 76.59867747, "name": "Govt L P S Vettiyar South Building" , "serialid":2},
{ "lat": 9.21496235, "lng": 76.57579863, "name": "Govt UPS Varenickal" , "serialid":3},
{ "lat": 9.20737669, "lng": 76.59652461, "name": "NSS UP School Chunakara  " , "serialid":4},
{ "lat": 9.20410474, "lng": 76.60624794, "name": "Govt. H S Chunakkara  " , "serialid":5},
{ "lat": 9.22652387, "lng": 76.61139593, "name": "Devivilasam L P S Vettiyar  " , "serialid":6},
{ "lat": 9.22666183, "lng": 76.59062932, "name": "Govt. Muhammedance L P S, Vettiyar " , "serialid":7}]},
{"coords": [{ "lat": 9.21377002, "lng": 76.56052032, "name": "NSS HS,KURATHIKADU" , "serialid":1},
{ "lat": 9.22288507, "lng": 76.56298339, "name": "SN Central School, Cherukunnam" , "serialid":2},
{ "lat": 9.21429934, "lng": 76.56551648, "name": "Govt.LPS, Kurathicadu" , "serialid":3},
{ "lat": 9.22895937, "lng": 76.54997681, "name": "Kakkanappallil LPS, Umbaranadu" , "serialid":4},
{ "lat": 9.20539566, "lng": 76.56607294, "name": "St.Johns UPS, Kurathicadu" , "serialid":5}]},
{"coords": [{ "lat": 9.7063981, "lng": 76.3058993, "name": "Kandamangalam. HSS. Kadakkarapaaly" , "serialid":1},
{ "lat": 9.70157803012347, "lng": 76.298431456089, "name": "MAHATHAM SWAYAM SAHAYA SANGHAM, PADINJARE VATTATHARA, KADAKAKRAPAPALLY" , "serialid":2},
{ "lat": 9.70472555225726, "lng": 76.3059479745172, "name": "Kandamangalam. H.S.S. Kadakkarapaaly" , "serialid":3},
{ "lat": 9.7036307, "lng": 76.3143878, "name": "Govt. U.P.G.S. Kadakkarappally" , "serialid":4},
{ "lat": 9.7105987, "lng": 76.288185, "name": "St.Joseph L.P.S. Ottamasserry" , "serialid":5},
{ "lat": 9.7078783, "lng": 76.2970399, "name": "St.George, High School, Thankey" , "serialid":6},
{ "lat": 9.7036295, "lng": 76.3143841, "name": "Government. L.P.School, Thyckal" , "serialid":7}]},
{"coords": [{ "lat": 9.20727792, "lng": 76.55571895, "name": "NSS Karayoga Mandiram No.49 Ponnezha" , "serialid":1},
{ "lat": 9.20422709, "lng": 76.5462221, "name": "Janadipathya Vayanasala,Ponnezha Reg No - 1381" , "serialid":2},
{ "lat": 9.20054216, "lng": 76.54592627, "name": "St.Johns LPS Vathikulam" , "serialid":3},
{ "lat": 9.19692361, "lng": 76.57494301, "name": "Welfare LPS, Pallickal east" , "serialid":4},
{ "lat": 9.19558357, "lng": 76.55519778, "name": "Alumoottil LPS, Vathikulam" , "serialid":5},
{ "lat": 9.18827033, "lng": 76.57507326, "name": "Church Mission L P S Komalloor  " , "serialid":6}]},
{"coords": [{ "lat": 9.19754802, "lng": 76.59789698, "name": "Panchayathu Office Chunakkara" , "serialid":1},
{ "lat": 9.18547555, "lng": 76.59541926, "name": "St. Thomas L P Komalloor" , "serialid":2},
{ "lat": 9.17338561, "lng": 76.5910024, "name": "M S C L P S Karimulackal" , "serialid":3},
{ "lat": 9.17350236, "lng": 76.62278064, "name": "Leprosy Sanitorium Noorunadu, West wing" , "serialid":4},
{ "lat": 9.17488612, "lng": 76.61900808, "name": "Ayyappanpillai Memmorial LPS Kizhakkemuri East south wing" , "serialid":5},
{ "lat": 9.17325285, "lng": 76.60733561, "name": "St. Mary's LPS Charumoodu  " , "serialid":6},
{ "lat": 9.19675643, "lng": 76.59840543, "name": "Govt. U P S Chunakkara" , "serialid":7},
{ "lat": 9.17109841, "lng": 76.60146211, "name": "VVHS Thamarakulam  " , "serialid":8},
{ "lat": 9.18327224, "lng": 76.6061824, "name": "NSS LP School Chunakkara south " , "serialid":9}]},
{"coords": [{ "lat": 9.22675251, "lng": 76.6226361, "name": "H S, Edappon  " , "serialid":1},
{ "lat": 9.20278226, "lng": 76.62366283, "name": "G S M L P S, Pulimel " , "serialid":2},
{ "lat": 9.1920766, "lng": 76.63641464, "name": "Govt. L P S Palemel " , "serialid":3},
{ "lat": 9.23076737, "lng": 76.63523773, "name": "Govt. L P S Cherumukha" , "serialid":4},
{ "lat": 9.192383, "lng": 76.63748263, "name": "H S S Padanilam" , "serialid":5},
{ "lat": 9.21457788, "lng": 76.63045607, "name": "Govt. L P S Kuthirakettumthadam  " , "serialid":6},
{ "lat": 9.18374166, "lng": 76.61906767, "name": "Govt U P S, Edakunnam " , "serialid":7}]},
{"coords": [{ "lat": 9.17911502, "lng": 76.6835605, "name": "Govt. SV HSS, Kudassanadu " , "serialid":8},
{ "lat": 9.1598863, "lng": 76.64245483, "name": "Panayil Devi Vilasam No. 2388 N.S.S Karayoga mandiram" , "serialid":9},
{ "lat": 9.18529294, "lng": 76.65782457, "name": "Ramachandra Vilasam L P S Ulavukkadu " , "serialid":10},
{ "lat": 9.15762926, "lng": 76.65986575, "name": "Welfare LPS Payyanallor  " , "serialid":11},
{ "lat": 9.19137394, "lng": 76.66991786, "name": "NSS H S Kudassanadu  " , "serialid":4},
{ "lat": 9.15518638, "lng": 76.64440628, "name": "Sreekandalavilasam U P S Pallickal  " , "serialid":5},
{ "lat": 9.17436078, "lng": 76.64183347, "name": "Govt L P S Erumakuzhi  " , "serialid":6},
{ "lat": 9.17240043, "lng": 76.65006671, "name": "C B M H S Erumakkuzhi  " , "serialid":7},
{ "lat": 9.16759304, "lng": 76.670278, "name": "L P S Adikkattu Kulangara " , "serialid":8}]},
{"coords": [{ "lat": 9.15951715, "lng": 76.62351815, "name": "NSS Karayoga Mandiram No.1240 Kizhakkemuri West wing" , "serialid":1},
{ "lat": 9.15945459, "lng": 76.62344085, "name": "Presidency Public School" , "serialid":2},
{ "lat": 9.141416, "lng": 76.60005442, "name": "Govt. L P S Chthiyara  " , "serialid":3},
{ "lat": 9.1453809, "lng": 76.61473951, "name": "Panchayathu Office Thamarakulam" , "serialid":4},
{ "lat": 9.15557375, "lng": 76.60643078, "name": "Govt LPS Vedaraplavu  " , "serialid":5},
{ "lat": 9.15043678, "lng": 76.62013204, "name": "PNPM L P S Thamarakulam " , "serialid":6},
{ "lat": 9.13610908, "lng": 76.61426504, "name": "Welfare L P S Thamarakulam  " , "serialid":7}]},
{"coords": [{ "lat": 9.1806349, "lng": 76.5378399, "name": "Govt.Model UPS, Pallickal" , "serialid":1},
{ "lat": 9.1704762, "lng": 76.5260212, "name": "NSS LPS ,Thekkemankuzhi" , "serialid":2},
{ "lat": 9.1761713, "lng": 76.5681752, "name": "Marthoma U P S, Kattanam" , "serialid":3},
{ "lat": 9.1687909, "lng": 76.5517201, "name": "St.Stephens LP School Kattanam" , "serialid":4},
{ "lat": 9.1535713, "lng": 76.5483773, "name": "John.F.Kennedy Memorial V.H.S.S, Kattachira  " , "serialid":5}]},
{"coords": [{ "lat": 9.16009622, "lng": 76.5778069, "name": "NSS Karayoga Mandiram No. 119, Kannanakuzhy" , "serialid":1},
{ "lat": 9.1637165, "lng": 76.5841963, "name": "Nagarajavilasam U P S ,Vetticode" , "serialid":2},
{ "lat": 9.1521695, "lng": 76.5595757, "name": "Bisharathul Islam LPS ,Elippakulam" , "serialid":3},
{ "lat": 9.1521695, "lng": 76.5595757, "name": "Bisharathul Islam UPS ,Elippakulam" , "serialid":4},
{ "lat": 9.16012247, "lng": 76.57777314, "name": "Govt. L P S Kannanakuzhi  " , "serialid":5},
{ "lat": 9.1426002, "lng": 76.55379129, "name": "U P S Choonad" , "serialid":6},
{ "lat": 9.1508489, "lng": 76.57882936, "name": "L P S Padayanivettom" , "serialid":7}]},
{"coords": [{ "lat": 9.14138137, "lng": 76.58860922, "name": "Welfare L P S, Kaduvinal" , "serialid":1},
{ "lat": 9.13494016, "lng": 76.57780252, "name": "Mani M L P S, Kaduvinal" , "serialid":2},
{ "lat": 9.1226886, "lng": 76.57165073, "name": "L P S Areekara" , "serialid":3},
{ "lat": 9.1470201, "lng": 76.58931518, "name": "Amrutha HSS, Vallikunnam " , "serialid":4}]},
{"coords": [{ "lat": 9.13232561, "lng": 76.5610161, "name": "S N D P Sanskrit H S, Vallikunnam" , "serialid":1},
{ "lat": 9.1190807, "lng": 76.55332118, "name": "Sub centre to PHC Kannimel, Vallikunnam" , "serialid":2},
{ "lat": 9.13032337, "lng": 76.55639988, "name": "Panchayathu Office, Vallikunnam" , "serialid":3},
{ "lat": 9.12283862, "lng": 76.57210545, "name": "Oxford English Medium School, Kanjipuzha" , "serialid":4},
{ "lat": 9.13129819, "lng": 76.54840492, "name": "Kambisseri Karunakaran Memmorial Govt. VHSS, Elippakulam" , "serialid":5},
{ "lat": 9.12982034, "lng": 76.5561436, "name": "Manacadu L P S, Kaduvunkal" , "serialid":6}]},
{"coords": [{ "lat": 9.31660084, "lng": 76.40903366, "name": "Krishi Bhavan Karuvatta" , "serialid":1},
{ "lat": 9.310318, "lng": 76.427384, "name": "St. Joseph LPS, Karuvatta North, South Block" , "serialid":2},
{ "lat": 9.31543763, "lng": 76.42794238, "name": "Panchayath Office , Karuvatta" , "serialid":3},
{ "lat": 9.31539515, "lng": 76.42791872, "name": "UIT College - Main Building" , "serialid":4},
{ "lat": 9.30816027, "lng": 76.4100282, "name": "E.A. LPS Kuzhikkad" , "serialid":5},
{ "lat": 9.836581, "lng": 76.296254, "name": "Kumarapuram Govt. LPBS, Karuvatta South" , "serialid":6},
{ "lat": 9.30913497, "lng": 76.43112991, "name": "St. James UPS, Karuvatta South" , "serialid":7},
{ "lat": 9.31018, "lng": 76.427384, "name": "Govt. LPGS Karuvatta" , "serialid":8},
{ "lat": 9.31903632, "lng": 76.42153308, "name": "Govt. Primary School Karuvatta" , "serialid":9},
{ "lat": 9.32012018, "lng": 76.42557376, "name": "SKV.N.S.S UPS, Karuvatta" , "serialid":10},
{ "lat": 9.3067815, "lng": 76.4117692, "name": "S.N.D.P. LPS, Kunnuthara" , "serialid":11},
{ "lat": 9.30529961, "lng": 76.41664237, "name": "S.N.D.P UPS , Karuvatta South" , "serialid":12},
{ "lat": 9.30280618, "lng": 76.343286217, "name": "N.S.S. HSS , Karuvatta" , "serialid":13}]} ]

